grant_id,opportunity_title,layer,check,severity,detail
3c36bc50-73ae-42ad-a727-fae640dad5c9,Comprehensive Suicide Prevention Program for States,3,layer2_vs_layer3_division,low,Jev division DPH vs deep model DMHDDSUS
2288fb30-cdca-431b-b6a8-7b30e611fdab,Partnership for Disaster Health Response System,3,unverified_eligibility_quote,high,claimed role 'lead' but its quote was not found in the eligibility text ('states'); role downgraded to 'unclear'
644030f6-37f5-40f8-bb89-acf868c1b28f,BJA FY 2026 The Kevin and Avonte Program: Reducing Injury and Death of Missing Individuals with Dementia and Developmental Disabilities,3,layer2_vs_layer3_division,low,Jev division DMHDDSUS vs deep model DAGING
0af7d5aa-210e-4d0e-93c0-e8f2bf6304d4,Flexible Funding Model-Infrastructure Development and Maintenance for State Manufactured Food Regulatory Programs (U2F) Clinical Trials Not Allowed,3,layer2_vs_layer3_relevance,medium,Jev said 'strong' (p=0.88) but deep model scored alignment 0/10
0af7d5aa-210e-4d0e-93c0-e8f2bf6304d4,Flexible Funding Model-Infrastructure Development and Maintenance for State Manufactured Food Regulatory Programs (U2F) Clinical Trials Not Allowed,3,layer2_vs_layer3_role,medium,Jev role 'lead' vs deep model role 'ineligible'
0af7d5aa-210e-4d0e-93c0-e8f2bf6304d4,Flexible Funding Model-Infrastructure Development and Maintenance for State Manufactured Food Regulatory Programs (U2F) Clinical Trials Not Allowed,3,layer2_vs_layer3_division,low,Jev division DPH vs deep model none
5f3dd026-e320-4834-a0fc-86d17021a346,Alliance for Innovation on Maternal Health (AIM) Technical Assistance Center,3,layer2_vs_layer3_role,medium,Jev role 'partner' vs deep model role 'atypical'
b8b51aae-68fc-448a-bbca-5fbfd229a841,Manufactured Foods Flexible Funding Model (MF-FFM),3,layer2_vs_layer3_relevance,medium,Jev said 'strong' (p=0.79) but deep model scored alignment 2/10
b8b51aae-68fc-448a-bbca-5fbfd229a841,Manufactured Foods Flexible Funding Model (MF-FFM),3,layer2_vs_layer3_division,low,Jev division DPH vs deep model none
441d2761-0d9c-42ae-a3da-905ce4ed0ca4,Strengthening Services to Prevent the Infectious Disease Consequences of Drug Use,3,layer2_vs_layer3_division,low,Jev division DMHDDSUS vs deep model DPH
741f2935-18c1-4e3e-8f54-f30dc3a6ee80,Rural Maternity and Obstetrics Management Strategies Program,3,layer2_vs_layer3_division,low,Jev division ORH vs deep model DPH
eba5be60-4531-4ddf-aa56-6b1d419155ce,Laboratory Flexible Funding Model (LFFM),3,layer2_vs_layer3_relevance,medium,Jev said 'strong' (p=0.78) but deep model scored alignment 3/10
a36c6294-903e-4aa3-80c9-914060a60380,Drug-Free Communities (DFC) Support Program – NEW (Year 1),3,layer2_vs_layer3_role,medium,Jev role 'partner' vs deep model role 'atypical'
39dec6be-55d0-4622-9703-fd1b7909fb1c,Coordinating Center for Language Access Services,3,layer2_vs_layer3_division,low,Jev division DPH vs deep model OSEC
59462b36-6d05-4832-a628-427f72260f3d,State Veterans Home Construction Grant Program,3,layer2_vs_layer3_relevance,medium,Jev said 'strong' (p=0.63) but deep model scored alignment 0/10
59462b36-6d05-4832-a628-427f72260f3d,State Veterans Home Construction Grant Program,3,layer2_vs_layer3_role,medium,Jev role 'lead' vs deep model role 'atypical'
3b811770-3f95-4ee9-ac57-6fe99d2e8e01,Integrated Food Safety System Regulatory and Laboratory Training System National Coordination Center,3,layer2_vs_layer3_role,medium,Jev role 'partner' vs deep model role 'atypical'
aa2857de-cd78-432b-9266-9b2919a6eb6c,Announcement of Stand Down Grants,3,layer2_vs_layer3_role,medium,Jev role 'partner' vs deep model role 'atypical'
eaef2942-a374-4ef2-bd3b-5d672083dfce,Drug-Free Communities (DFC) Support Program – Competing Continuation (Year 6),3,layer2_vs_layer3_role,medium,Jev role 'partner' vs deep model role 'atypical'
8b2aa3e2-733a-44d8-876e-56df42678c9a,Fiscal Year 2027 Regional Nutrition Hubs,3,layer2_vs_layer3_division,low,Jev division DPH vs deep model ORH
b9c2ac9d-d8f0-45eb-9c6e-3b7446d01802,Women's Initiative for Screening and Health (WISH),3,layer2_vs_layer3_role,medium,Jev role 'partner' vs deep model role 'atypical'
d05b15ba-864c-4255-a510-42d9fd966215,Fiscal Year (FY) 2027 Service Area Competition (SAC),3,layer2_vs_layer3_role,medium,Jev role 'partner' vs deep model role 'atypical'
c30fddfd-2094-4cf0-ba21-04b6736fc755,Fiscal Year (FY) Service Area Competition (SAC),3,layer2_vs_layer3_role,medium,Jev role 'partner' vs deep model role 'atypical'
51fa7e21-beca-497f-a0f1-bf175382f77f,Fiscal Year (FY) 2027 Service Area Competition (SAC),3,layer2_vs_layer3_role,medium,Jev role 'partner' vs deep model role 'atypical'
16dd4363-d3e1-44e7-81b8-eaf8f573d0d1,Maternal and Child Health (MCH) Nutrition Training Program,3,layer2_vs_layer3_role,medium,Jev role 'partner' vs deep model role 'ineligible'
16dd4363-d3e1-44e7-81b8-eaf8f573d0d1,Maternal and Child Health (MCH) Nutrition Training Program,3,layer2_vs_layer3_division,low,Jev division DPH vs deep model none
0731381f-f39a-4d8f-9f55-701eddc5273b,Occupational Safety and Health Training Project Grants (T03),3,layer2_vs_layer3_relevance,medium,Jev said 'strong' (p=0.62) but deep model scored alignment 3/10
0731381f-f39a-4d8f-9f55-701eddc5273b,Occupational Safety and Health Training Project Grants (T03),3,layer2_vs_layer3_division,low,Jev division DPH vs deep model none
74c7ed49-a225-421f-aaed-af3139bd4fb9,Eviction Protection Grant Program,3,layer2_vs_layer3_relevance,medium,Jev said 'strong' (p=0.45) but deep model scored alignment 2/10
74c7ed49-a225-421f-aaed-af3139bd4fb9,Eviction Protection Grant Program,3,layer2_vs_layer3_division,low,Jev division DSS vs deep model none
bc779217-71de-48ea-af41-d39ac6437ab2,Conformance with the Egg Regulatory Program Standards,3,layer2_vs_layer3_relevance,medium,Jev said 'strong' (p=0.39) but deep model scored alignment 2/10
bc779217-71de-48ea-af41-d39ac6437ab2,Conformance with the Egg Regulatory Program Standards,3,layer2_vs_layer3_role,medium,Jev role 'lead' vs deep model role 'ineligible'
22227ca0-7530-42d3-858a-473b82a81d80,Retail Food Safety Regulatory Association Collaboration,3,layer2_vs_layer3_relevance,medium,Jev said 'strong' (p=0.55) but deep model scored alignment 3/10
f3ba2089-bbc7-4029-8b05-d6d11354d6db,GPD Grant Forecast,3,layer2_vs_layer3_relevance,medium,Jev said 'strong' (p=0.46) but deep model scored alignment 3/10
b8957faa-5824-4b59-b18f-3b4a69501121,Accelerating Solutions to Improve Access and Quality of Empirically-Supported Practices for Youth Mental Health (R01 Clinical Trial Optional),3,layer2_vs_layer3_division,low,Jev division DMHDDSUS vs deep model DCFW
ea6d9f3d-6f68-4eb7-9afd-5000d2e3a3c8,"NIOSH Centers for Agriculture, Forestry, and Fishing Safety and Health (U54)",3,layer2_vs_layer3_role,medium,Jev role 'partner' vs deep model role 'atypical'
ea6d9f3d-6f68-4eb7-9afd-5000d2e3a3c8,"NIOSH Centers for Agriculture, Forestry, and Fishing Safety and Health (U54)",3,layer2_vs_layer3_division,low,Jev division DPH vs deep model ORH
ac8b189e-988c-4dc5-a0cb-1dd7633bd640,"Animal Food Regulatory Program Standards Implementation Development and Maintenance, with Mutual Reliance Initiatives Clinical Trials Not Allowed",3,layer2_vs_layer3_role,medium,Jev role 'lead' vs deep model role 'ineligible'
040e3cf3-0d44-4cfd-ac23-6b1d13c4d848,Infertility Training Center,3,layer2_vs_layer3_role,medium,Jev role 'ineligible' vs deep model role 'lead'
8b2ad75c-3341-42c5-806d-f468c9e3e28f,Teaching Health Center Graduate Medical Education (THCGME) Program,3,layer2_vs_layer3_division,low,Jev division ORH vs deep model none
41024895-69ca-49fb-9312-128fc5316777,Improving Protection against Influenza and Other Respiratory Pathogens: the US Flu VE Network,3,layer2_vs_layer3_relevance,high,Jev said 'weak' (p=0.51) but deep model scored alignment 7/10 - a possible Layer 2 false negative
fedda8fc-2bb6-4237-b981-8cf04bfeedc5,Preventing Suicide and Interpersonal Violence Among Youth and Young Adults,3,layer2_vs_layer3_role,medium,Jev role 'atypical' vs deep model role 'lead'
fedda8fc-2bb6-4237-b981-8cf04bfeedc5,Preventing Suicide and Interpersonal Violence Among Youth and Young Adults,3,layer2_vs_layer3_division,low,Jev division DPH vs deep model DMHDDSUS
17160b34-7d47-45a6-8d0c-f3eacd3a07db,Health and Extreme Weather Research Coordination and Data Center (U2C - Clinical Trial Not Allowed),3,layer2_vs_layer3_role,medium,Jev role 'partner' vs deep model role 'atypical'
2f432d16-a0c0-4144-9ec0-d79c6a65fc4d,Rigorously Evaluating Approaches to Prevent Child Sexual Abuse and Problematic Sexual Behavior among Youth,3,layer2_vs_layer3_role,medium,Jev role 'atypical' vs deep model role 'lead'
2f432d16-a0c0-4144-9ec0-d79c6a65fc4d,Rigorously Evaluating Approaches to Prevent Child Sexual Abuse and Problematic Sexual Behavior among Youth,3,layer2_vs_layer3_division,low,Jev division DPH vs deep model DSS
cacb4ffa-0f3a-4794-8df6-0af933d88f0c,Research Grants to Rigorously Evaluate Innovative and Promising Approaches to Prevent Firearm-Related Violence and Injuries,3,layer2_vs_layer3_role,medium,Jev role 'atypical' vs deep model role 'lead'
1c7b3701-9028-4d4f-8c74-e9f1aa1b2194,Food Safety Capacity and Infrastructure Building (U2F),3,layer2_vs_layer3_division,low,Jev division none vs deep model DPH
188aac01-0056-4dd0-9bde-54cf6ddf113c,Radiation Exposure Screening and Education Program,3,layer2_vs_layer3_role,medium,Jev role 'ineligible' vs deep model role 'lead'
1352d10d-0bd9-4288-8c31-d540b962174b,Navigator Emergency Department Diversion Models for Non-Urgent Mental Health Concerns (R34 Clinical Trial Required),3,layer2_vs_layer3_relevance,high,Jev said 'weak' (p=0.51) but deep model scored alignment 7/10 - a possible Layer 2 false negative
1352d10d-0bd9-4288-8c31-d540b962174b,Navigator Emergency Department Diversion Models for Non-Urgent Mental Health Concerns (R34 Clinical Trial Required),3,layer2_vs_layer3_role,medium,Jev role 'partner' vs deep model role 'atypical'
9ea57cf9-811c-4b26-9d18-fc27169861e7,"Development and Testing of Novel Interventions to Improve HIV Prevention, Treatment, and Program Implementation for People Who Use Substances (R34 Clinical Trial Required)",3,layer2_vs_layer3_relevance,high,Jev said 'weak' (p=0.5) but deep model scored alignment 7/10 - a possible Layer 2 false negative
9ea57cf9-811c-4b26-9d18-fc27169861e7,"Development and Testing of Novel Interventions to Improve HIV Prevention, Treatment, and Program Implementation for People Who Use Substances (R34 Clinical Trial Required)",3,layer2_vs_layer3_division,low,Jev division DMHDDSUS vs deep model DPH
106cd2d3-4fa8-4b20-a519-4eed2b256b3c,NIH Pragmatic Trials Conducted in Health Care Systems,3,layer2_vs_layer3_role,medium,Jev role 'partner' vs deep model role 'atypical'
9dc7dc74-19eb-4f04-b102-c914542f74d1,Notice of Intent to Publish a Request for Concept Notes Announcement on Capacity Development for the Reception & Placement Program,3,layer2_vs_layer3_relevance,medium,Jev said 'strong' (p=0.51) but deep model scored alignment 2/10
9dc7dc74-19eb-4f04-b102-c914542f74d1,Notice of Intent to Publish a Request for Concept Notes Announcement on Capacity Development for the Reception & Placement Program,3,layer2_vs_layer3_division,low,Jev division DSS vs deep model none
ef298045-f662-4326-a5c5-025120ed6447,Notice of Intent to Publish a Forecast for EmbraceHealth Clinical Research Network to Reduce Health Disparities – Research Sites,3,layer2_vs_layer3_relevance,high,Jev said 'weak' (p=0.63) but deep model scored alignment 9/10 - a possible Layer 2 false negative
bdea7396-f052-4c3f-89a5-4677d3f2339a,HEAL Initiative: Integrative Management of Chronic Pain and Opioid Use Disorder (OUD) for Whole Recovery: Health Systems,3,layer2_vs_layer3_relevance,high,Jev said 'weak' (p=0.52) but deep model scored alignment 8/10 - a possible Layer 2 false negative
a7d90b10-6b93-44b3-b848-78bede8db2f0,NIOSH National Center of Excellence for the Prevention of Childhood Agricultural Injury (U54),3,layer2_vs_layer3_role,medium,Jev role 'partner' vs deep model role 'atypical'
dd11fec8-7502-4ea4-b1c4-d2cfd69cd517,"Advancing Screening, Diagnosis, and Referral for Late Talking Children",3,layer2_vs_layer3_division,low,Jev division DCFW vs deep model DCDEE
3373f830-2c05-4b96-b486-14282c4787f1,"Interventions to expand cancer screening and preventive services to ADVANCE health in populations that experience health disparities (R01, Clinical Trial Required)",3,layer2_vs_layer3_relevance,high,Jev said 'weak' (p=0.59) but deep model scored alignment 8/10 - a possible Layer 2 false negative
d2c68406-e847-4502-8fce-0eb66ca5baab,Innovative Pilot Mental Health Services Research Not Involving Clinical Trials (R34 Clinical Trial Not Allowed),3,layer2_vs_layer3_role,medium,Jev role 'atypical' vs deep model role 'lead'
6899b4bb-0139-4408-9a57-42898c940ebd,Retail Food Safety Regulatory Association Collaboration CAP,3,layer2_vs_layer3_division,low,Jev division none vs deep model DPH
99c292e3-156e-4e6c-9eab-09f1cec4ebe1,Navigator Emergency Department Diversion Models for Non-Urgent Mental Health Concerns (R01 Clinical Trial Required),3,layer2_vs_layer3_relevance,high,Jev said 'weak' (p=0.62) but deep model scored alignment 8/10 - a possible Layer 2 false negative
ce0af039-93ef-4a21-879f-9ac3aca06b0d,REACHing Communities (REACH) Consortium (U01) Clinical Trials Optional,3,layer2_vs_layer3_relevance,high,Jev said 'weak' (p=0.68) but deep model scored alignment 9/10 - a possible Layer 2 false negative
8b031432-4455-4e66-9a51-ec41e8d6fa09,Clinical and Translational Science Award (UM1 Clinical Trial Optional),3,layer2_vs_layer3_role,medium,Jev role 'partner' vs deep model role 'atypical'
8b031432-4455-4e66-9a51-ec41e8d6fa09,Clinical and Translational Science Award (UM1 Clinical Trial Optional),3,layer2_vs_layer3_division,low,Jev division DPH vs deep model none
f5a53385-ab1a-4996-b573-541150843d0b,Military and Civilian Partnership for Trauma Readiness Grant Program/Mission Zero,3,unverified_eligibility_quote,medium,quote not found: 'Hospitals'
f5a53385-ab1a-4996-b573-541150843d0b,Military and Civilian Partnership for Trauma Readiness Grant Program/Mission Zero,3,layer2_vs_layer3_relevance,medium,Jev said 'strong' (p=0.38) but deep model scored alignment 2/10
3a152e00-fe8e-4e29-b30e-efc659bb83dd,Intervention Research to Improve Native American Health,3,layer2_vs_layer3_relevance,high,Jev said 'weak' (p=0.6) but deep model scored alignment 7/10 - a possible Layer 2 false negative
92d5dca4-b6e9-4c88-9e9d-9b6a6b32d029,Innovative Mental Health Services Research Not Involving Clinical Trials (R01 Clinical Trials Not Allowed),3,layer2_vs_layer3_relevance,high,Jev said 'weak' (p=0.52) but deep model scored alignment 7/10 - a possible Layer 2 false negative
92d5dca4-b6e9-4c88-9e9d-9b6a6b32d029,Innovative Mental Health Services Research Not Involving Clinical Trials (R01 Clinical Trials Not Allowed),3,layer2_vs_layer3_role,medium,Jev role 'atypical' vs deep model role 'lead'
342ab033-520e-4cf7-9f23-f823535044de,Forecast to Publish a Notice of Funding Opportunity Announcement for Addressing Determinants of Health Disparities Among Rural Populations (R01 - Clinical Trial Optional),3,layer2_vs_layer3_relevance,high,Jev said 'weak' (p=0.5) but deep model scored alignment 8/10 - a possible Layer 2 false negative
342ab033-520e-4cf7-9f23-f823535044de,Forecast to Publish a Notice of Funding Opportunity Announcement for Addressing Determinants of Health Disparities Among Rural Populations (R01 - Clinical Trial Optional),3,layer2_vs_layer3_role,medium,Jev role 'atypical' vs deep model role 'lead'
b18997d8-b1fd-4f6c-95cb-7e7b60dde1fe,"Screening, Brief Intervention and Referral to Treatment or Prevention (SBIRT/P) for alcohol, tobacco, and other drugs (ATOD) use and misuse in adult populations that experience health disparities (R01, Clinical Trial Required)",3,layer2_vs_layer3_relevance,high,Jev said 'weak' (p=0.66) but deep model scored alignment 8/10 - a possible Layer 2 false negative
5e3d9abd-5a49-4f06-a82a-d7c050647ffe,Pilot Effectiveness Trials of Peer Support Services for Suicide Prevention,3,layer2_vs_layer3_relevance,high,Jev said 'weak' (p=0.61) but deep model scored alignment 9/10 - a possible Layer 2 false negative
5e3d9abd-5a49-4f06-a82a-d7c050647ffe,Pilot Effectiveness Trials of Peer Support Services for Suicide Prevention,3,layer2_vs_layer3_role,medium,Jev role 'atypical' vs deep model role 'lead'
b8708107-b111-4a75-a6b2-7189a2e15538,Pilot Hybrid Effectiveness-Implementation Trials for Mental Health Interventions (R01  Clinical Trial Required),3,layer2_vs_layer3_role,medium,Jev role 'atypical' vs deep model role 'lead'
04cf4e58-5a89-47a9-b4c7-a1388edac495,Dissemination and Implementation Research in Health (R03 Clinical Trial Not Allowed),3,layer2_vs_layer3_role,medium,Jev role 'atypical' vs deep model role 'lead'
04cf4e58-5a89-47a9-b4c7-a1388edac495,Dissemination and Implementation Research in Health (R03 Clinical Trial Not Allowed),3,layer2_vs_layer3_division,low,Jev division none vs deep model DPH
fdbbc33d-4c2a-4e18-9914-2be7debcc880,Dental Primary Care Practice-Based Research Network: Administrative and Resource Center,3,layer2_vs_layer3_role,medium,Jev role 'partner' vs deep model role 'atypical'
fdbbc33d-4c2a-4e18-9914-2be7debcc880,Dental Primary Care Practice-Based Research Network: Administrative and Resource Center,3,layer2_vs_layer3_division,low,Jev division none vs deep model DPH
1380cf9c-4561-45a6-a85d-7866dd308ef0,Dissemination and Implementation Research in Health (R21 Clinical Trial Optional),3,layer2_vs_layer3_relevance,high,Jev said 'weak' (p=0.48) but deep model scored alignment 7/10 - a possible Layer 2 false negative
1380cf9c-4561-45a6-a85d-7866dd308ef0,Dissemination and Implementation Research in Health (R21 Clinical Trial Optional),3,layer2_vs_layer3_role,medium,Jev role 'atypical' vs deep model role 'lead'
1380cf9c-4561-45a6-a85d-7866dd308ef0,Dissemination and Implementation Research in Health (R21 Clinical Trial Optional),3,layer2_vs_layer3_division,low,Jev division none vs deep model DPH
e9c27c69-7360-4e0f-beb5-7ef69876f00c,Natural History of Disorders Screenable in the Newborn Period (R01 Clinical Trial Optional),3,layer2_vs_layer3_relevance,high,Jev said 'weak' (p=0.74) but deep model scored alignment 8/10 - a possible Layer 2 false negative
e9c27c69-7360-4e0f-beb5-7ef69876f00c,Natural History of Disorders Screenable in the Newborn Period (R01 Clinical Trial Optional),3,layer2_vs_layer3_role,medium,Jev role 'partner' vs deep model role 'atypical'
c33b8d86-6f73-43bf-adcc-da3cecc0dc70,Research on System Support and Tools for Provider Training and Quality Monitoring for Suicide Preventive Care,3,layer2_vs_layer3_relevance,high,Jev said 'weak' (p=0.64) but deep model scored alignment 8/10 - a possible Layer 2 false negative
c33b8d86-6f73-43bf-adcc-da3cecc0dc70,Research on System Support and Tools for Provider Training and Quality Monitoring for Suicide Preventive Care,3,layer2_vs_layer3_role,medium,Jev role 'atypical' vs deep model role 'lead'
112cb2a2-971d-4d2c-ab72-d8c74b02baa1,Forecast to Publish a Funding Opportunity Announcement for EmbraceHealth Clinical Research Network to Reduce Health Disparities – Coordinating Center,3,layer2_vs_layer3_relevance,high,Jev said 'weak' (p=0.79) but deep model scored alignment 8/10 - a possible Layer 2 false negative
a7d210c3-a31d-4c04-a39e-6b5206dc858f,Prevention and Intervention Approaches for Fetal Alcohol Spectrum Disorders (R34 Clinical Trial Optional),3,layer2_vs_layer3_relevance,high,Jev said 'weak' (p=0.68) but deep model scored alignment 8/10 - a possible Layer 2 false negative
008f5d36-a786-4494-9e6d-7adfb58f2823,NIOSH Support for Conferences and Scientific Meetings (R13 Clinical Trial Not Allowed),3,layer2_vs_layer3_role,medium,Jev role 'atypical' vs deep model role 'lead'
806f4939-5a1c-41b5-83e4-45d57153633d,NIOSH Support for Conferences and Scientific Meetings (U13 Clinical Trial Not Allowed),3,layer2_vs_layer3_role,medium,Jev role 'atypical' vs deep model role 'lead'
806f4939-5a1c-41b5-83e4-45d57153633d,NIOSH Support for Conferences and Scientific Meetings (U13 Clinical Trial Not Allowed),3,layer2_vs_layer3_division,low,Jev division DPH vs deep model none
e6357a53-0478-4e38-aa89-64c4492221ee,Clinical Data Ecosystem for Genomics (CDEG),3,layer2_vs_layer3_relevance,high,Jev said 'weak' (p=0.79) but deep model scored alignment 7/10 - a possible Layer 2 false negative
e6357a53-0478-4e38-aa89-64c4492221ee,Clinical Data Ecosystem for Genomics (CDEG),3,layer2_vs_layer3_role,medium,Jev role 'partner' vs deep model role 'atypical'
e6357a53-0478-4e38-aa89-64c4492221ee,Clinical Data Ecosystem for Genomics (CDEG),3,layer2_vs_layer3_division,low,Jev division none vs deep model OSEC
4802584e-01a8-4435-9ce9-710fbc85cba0,Fiscal Year 2026 Flood Mitigation Assistance Swift Current,3,layer2_vs_layer3_role,medium,Jev role 'lead' vs deep model role 'atypical'
53a9668b-46cf-44c9-af8c-b5011200eb65,Preservation and Reinvestment Initiative for Community Enhancement (PRICE),3,layer2_vs_layer3_role,medium,Jev role 'atypical' vs deep model role 'lead'
fef48e8c-9db6-4bf2-9f84-6efb9924ef99,Notice of Intent to Publish a Funding Opportunity Announcement for NIEHS Worker Training Program’s Hazardous Materials Worker Health and Safety Training (U45 – Clinical Trials Not Allowed),3,layer2_vs_layer3_division,low,Jev division none vs deep model DPH
1fd3d671-8469-40ac-bbd6-adac625cf082,Dissemination and Implementation Research in Health (R01 Clinical Trial Optional),3,layer2_vs_layer3_relevance,high,Jev said 'weak' (p=0.61) but deep model scored alignment 7/10 - a possible Layer 2 false negative
1fd3d671-8469-40ac-bbd6-adac625cf082,Dissemination and Implementation Research in Health (R01 Clinical Trial Optional),3,layer2_vs_layer3_division,low,Jev division none vs deep model DPH
d8de0550-c5b0-4efc-872a-7777a933452b,Notice of Intent:  Program to End Modern Slavery FY 2025,3,layer2_vs_layer3_role,medium,Jev role 'partner' vs deep model role 'ineligible'
0c04af5a-83ce-4fe5-a8fb-a7399f78e6d6,Full-Scale Hybrid Effectiveness-Implementation Trials for Mental Health Interventions (R01 - Clinical Trial Required),3,layer2_vs_layer3_relevance,high,Jev said 'weak' (p=0.74) but deep model scored alignment 8/10 - a possible Layer 2 false negative
f3fa7334-ffb9-48be-bf0e-958b7e262d4a,Fiscal Year 2024 Flood Mitigation Assistance Swift Current,3,layer2_vs_layer3_role,medium,Jev role 'partner' vs deep model role 'atypical'
5eee2aa1-5761-4fdb-a0d0-835245a05a86,FDA OMHHE Convener for Racial & Ethnic minority Acceleration Consortium for Health Equity (REACH),3,layer2_vs_layer3_relevance,high,Jev said 'weak' (p=0.78) but deep model scored alignment 7/10 - a possible Layer 2 false negative
5eee2aa1-5761-4fdb-a0d0-835245a05a86,FDA OMHHE Convener for Racial & Ethnic minority Acceleration Consortium for Health Equity (REACH),3,layer2_vs_layer3_division,low,Jev division none vs deep model OSEC
09e581fe-7695-4b3b-ab60-b5456bd788fd,Accelerating the Pace of Substance Use Research Using Existing Data (R21 Clinical Trial Not Allowed),3,layer2_vs_layer3_relevance,high,Jev said 'weak' (p=0.77) but deep model scored alignment 7/10 - a possible Layer 2 false negative
c4c4d1db-a57c-47fc-aac0-4d78290582fc,Interventions to Reduce Sleep Health Disparities (R01 - Clinical Trials Optional),3,layer2_vs_layer3_relevance,high,Jev said 'weak' (p=0.76) but deep model scored alignment 7/10 - a possible Layer 2 false negative
c4c4d1db-a57c-47fc-aac0-4d78290582fc,Interventions to Reduce Sleep Health Disparities (R01 - Clinical Trials Optional),3,layer2_vs_layer3_role,medium,Jev role 'atypical' vs deep model role 'lead'
593a83b5-e3a6-4ef4-a1a4-07121d5accb9,Ending the HIV/HCV Epidemics in Indian Country,3,layer2_vs_layer3_relevance,high,Jev said 'weak' (p=0.46) but deep model scored alignment 7/10 - a possible Layer 2 false negative
593a83b5-e3a6-4ef4-a1a4-07121d5accb9,Ending the HIV/HCV Epidemics in Indian Country,3,layer2_vs_layer3_division,low,Jev division none vs deep model DPH
fc665e54-0a33-4b8d-910d-a8c912926219,Health Equity Data Access Program (HEDAP),3,layer2_vs_layer3_relevance,high,Jev said 'weak' (p=0.58) but deep model scored alignment 8/10 - a possible Layer 2 false negative
fc665e54-0a33-4b8d-910d-a8c912926219,Health Equity Data Access Program (HEDAP),3,layer2_vs_layer3_division,low,Jev division none vs deep model MEDICAID
02a44bff-94d2-406d-abc3-1d90a285491b,DHQP Global NOFO,3,layer2_vs_layer3_role,medium,Jev role 'partner' vs deep model role 'atypical'
02a44bff-94d2-406d-abc3-1d90a285491b,DHQP Global NOFO,3,layer2_vs_layer3_division,low,Jev division DPH vs deep model none
244cf955-4008-424f-9704-2fe634e8eeb9,Health Equity Innovation Award: Enhance Equity Funding Opportunity (U01) Clinical Trials Not Allowed,3,layer2_vs_layer3_relevance,high,Jev said 'weak' (p=0.8) but deep model scored alignment 9/10 - a possible Layer 2 false negative
72bd1f82-d3f8-4226-872e-fc254dd21a6a,"Institute of Education Sciences (IES): National Center for Special Education Research (NCSER): Using Longitudinal Data to Support State Education Policymaking in Special Education, Assistance Listing Number (ALN) 84.324S",3,layer2_vs_layer3_relevance,high,Jev said 'weak' (p=0.59) but deep model scored alignment 7/10 - a possible Layer 2 false negative
72bd1f82-d3f8-4226-872e-fc254dd21a6a,"Institute of Education Sciences (IES): National Center for Special Education Research (NCSER): Using Longitudinal Data to Support State Education Policymaking in Special Education, Assistance Listing Number (ALN) 84.324S",3,layer2_vs_layer3_division,low,Jev division none vs deep model DCFW
6552e00b-8e51-4278-ab04-b6e3765a88a0,Comprehensive Partnerships to Advance Cancer Health (CPACH) (U54 Clinical Trial Optional),3,layer2_vs_layer3_relevance,high,Jev said 'weak' (p=0.86) but deep model scored alignment 7/10 - a possible Layer 2 false negative
6552e00b-8e51-4278-ab04-b6e3765a88a0,Comprehensive Partnerships to Advance Cancer Health (CPACH) (U54 Clinical Trial Optional),3,layer2_vs_layer3_role,medium,Jev role 'partner' vs deep model role 'atypical'
09d605ff-216d-436e-94b6-cb9cc5aaf868,Data Standards for Tobacco Research and Scientific Review Phase 2,3,layer2_vs_layer3_role,medium,Jev role 'atypical' vs deep model role 'lead'
7dc670db-9ef6-4b31-9db9-7443760e9b7a,Dental Primary Care Practice-Based Research Network: Coordinating Center,3,layer2_vs_layer3_role,medium,Jev role 'partner' vs deep model role 'atypical'
7dc670db-9ef6-4b31-9db9-7443760e9b7a,Dental Primary Care Practice-Based Research Network: Coordinating Center,3,layer2_vs_layer3_division,low,Jev division none vs deep model DPH
ed3faafa-0d8a-4061-a957-343991a62516,Dementia Care and Caregiver Support Intervention Research - Stages II - V,3,layer2_vs_layer3_role,medium,Jev role 'partner' vs deep model role 'atypical'
1835f8f5-45df-47b4-87b6-eebed0b0f0b7,Improving Chronic Conditions Through Inexpensive Interventions,3,layer2_vs_layer3_division,low,Jev division none vs deep model DPH
7088f3f8-0aad-4f2e-afa1-f53b59efa54d,Pediatric and Reproductive Environmental Health Scholars (PREHS) Program,3,layer2_vs_layer3_relevance,high,Jev said 'weak' (p=0.78) but deep model scored alignment 7/10 - a possible Layer 2 false negative
493ea282-9ea7-48d4-9567-8495dceb20d4,Infectious Diseases Clinical Trials Network (IDCTN),3,layer2_vs_layer3_role,medium,Jev role 'partner' vs deep model role 'atypical'
18b1486a-7e60-44fd-90b1-8e1dd1610a09,FDA OMHHE Health Equity Innovation Award: Enhance Equity Funding Opportunity (U01) Clinical Trials Not Allowed,3,layer2_vs_layer3_relevance,high,Jev said 'weak' (p=0.83) but deep model scored alignment 8/10 - a possible Layer 2 false negative
1fc0e15a-85eb-4a37-b792-002fbfce5582,Forecast to Publish a Funding Opportunity Announcement for Cancer Epidemiology Cohorts: Building the Next Generation of Research Cohorts (U01 Clinical Trial Not Allowed),3,layer2_vs_layer3_role,medium,Jev role 'partner' vs deep model role 'atypical'
f2a0e432-aac6-4caf-bc3a-a78ca52f4751,Cancer Prevention and Control Clinical Trials Planning Grant Program (R34 Clinical Trials Optional),3,layer2_vs_layer3_role,medium,Jev role 'atypical' vs deep model role 'lead'
3702dc53-99c8-4506-ac67-4a017e0bdc73,Advancing Research on Empirically-Supported Interventions for Older Adults Living with Serious Mental Illness (SMI) (R01 Clinical Trial Optional),3,layer2_vs_layer3_relevance,high,Jev said 'weak' (p=0.74) but deep model scored alignment 8/10 - a possible Layer 2 false negative
ecf72cc5-cff3-43fb-922f-1b27d5fb890a,HIV/AIDS Clinical Trials Network Laboratory Centers,3,layer2_vs_layer3_role,medium,Jev role 'partner' vs deep model role 'atypical'
75c1d6c6-6f1e-46c7-84f1-1aaa0fc81bc2,Modular R01s in Cancer Control and Population Sciences (R01 Clinical Trial Optional),3,layer2_vs_layer3_role,medium,Jev role 'atypical' vs deep model role 'lead'
108e277c-2935-4167-a2fb-e299b406e949,Dental Primary Care Practice-Based Research Network: Clinical Trial or Observational Study Planning and Implementation Cooperative Agreement,3,layer2_vs_layer3_role,medium,Jev role 'atypical' vs deep model role 'lead'
108e277c-2935-4167-a2fb-e299b406e949,Dental Primary Care Practice-Based Research Network: Clinical Trial or Observational Study Planning and Implementation Cooperative Agreement,3,layer2_vs_layer3_division,low,Jev division none vs deep model DPH
078c6a60-731b-4c4f-bd44-d6ed7c5293c1,Accelerating the Pace of Substance Use Research Using Existing Data (R01 Clinical Trial Not Allowed),3,layer2_vs_layer3_relevance,high,Jev said 'weak' (p=0.88) but deep model scored alignment 7/10 - a possible Layer 2 false negative
078c6a60-731b-4c4f-bd44-d6ed7c5293c1,Accelerating the Pace of Substance Use Research Using Existing Data (R01 Clinical Trial Not Allowed),3,layer2_vs_layer3_role,medium,Jev role 'partner' vs deep model role 'atypical'
e9b3d943-9e83-48a7-911f-21e77eb9c9fb,Intervention Research to Improve Native American Health (R34 Clinical Trial Optional),3,layer2_vs_layer3_relevance,high,Jev said 'weak' (p=0.88) but deep model scored alignment 7/10 - a possible Layer 2 false negative
e9b3d943-9e83-48a7-911f-21e77eb9c9fb,Intervention Research to Improve Native American Health (R34 Clinical Trial Optional),3,layer2_vs_layer3_division,low,Jev division none vs deep model DPH
637a8204-317d-41ff-9424-7790e8f205e5,Prevention and Intervention Approaches for Fetal Alcohol Spectrum Disorders (R61/R33 Clinical Trial Optional),3,layer2_vs_layer3_relevance,high,Jev said 'weak' (p=0.85) but deep model scored alignment 8/10 - a possible Layer 2 false negative
637a8204-317d-41ff-9424-7790e8f205e5,Prevention and Intervention Approaches for Fetal Alcohol Spectrum Disorders (R61/R33 Clinical Trial Optional),3,layer2_vs_layer3_role,medium,Jev role 'atypical' vs deep model role 'lead'
637a8204-317d-41ff-9424-7790e8f205e5,Prevention and Intervention Approaches for Fetal Alcohol Spectrum Disorders (R61/R33 Clinical Trial Optional),3,layer2_vs_layer3_division,low,Jev division DMHDDSUS vs deep model DPH
ca96308f-058b-47fa-9a1a-b1ee06f9c937,Centers for AIDS Research (CFAR),3,layer2_vs_layer3_relevance,high,Jev said 'weak' (p=0.92) but deep model scored alignment 7/10 - a possible Layer 2 false negative
ca96308f-058b-47fa-9a1a-b1ee06f9c937,Centers for AIDS Research (CFAR),3,layer2_vs_layer3_role,medium,Jev role 'partner' vs deep model role 'atypical'
bbf0a18c-1e2f-45ef-acd6-980df3828974,Forecast to Renew the Notice of Funding Opportunity Announcement for the Multiple Chronic Disease Research Centers,3,layer2_vs_layer3_relevance,high,Jev said 'weak' (p=0.93) but deep model scored alignment 8/10 - a possible Layer 2 false negative
bbf0a18c-1e2f-45ef-acd6-980df3828974,Forecast to Renew the Notice of Funding Opportunity Announcement for the Multiple Chronic Disease Research Centers,3,layer2_vs_layer3_role,medium,Jev role 'partner' vs deep model role 'atypical'
a17265a0-a839-4e4a-b114-49c9254cd4a7,NIH Science Education Partnership Award (SEPA) (R25 - Clinical Trial Not Allowed),3,layer2_vs_layer3_role,medium,Jev role 'atypical' vs deep model role 'lead'
3950a8ea-a5c8-4b0a-b5ea-670c8db6dc77,Forecast to Renew the Funding Opportunity Announcement for Multiple Chronic Disease Research Centers Coordinating Center (U24 Clinical Trial Not Required),3,layer2_vs_layer3_relevance,high,Jev said 'weak' (p=0.9) but deep model scored alignment 7/10 - a possible Layer 2 false negative
3950a8ea-a5c8-4b0a-b5ea-670c8db6dc77,Forecast to Renew the Funding Opportunity Announcement for Multiple Chronic Disease Research Centers Coordinating Center (U24 Clinical Trial Not Required),3,layer2_vs_layer3_role,medium,Jev role 'partner' vs deep model role 'atypical'
8ae80981-8f34-48e1-9a75-c7ca81553ce7,Personal Health Informatics for Delivering Actionable Insights to Individuals (R01 Clinical Trial Optional),3,layer2_vs_layer3_role,medium,Jev role 'atypical' vs deep model role 'lead'
360c4588-1512-4fa4-9b61-52a3f1d6c368,"Model-to-Clinic (M2C) for Precision Medicine with AI: Integrating Imaging with Multimodal Data (PRIMED-AI) (UG3/UH3, Clinical Trial Optional)",3,layer2_vs_layer3_role,medium,Jev role 'partner' vs deep model role 'atypical'
360c4588-1512-4fa4-9b61-52a3f1d6c368,"Model-to-Clinic (M2C) for Precision Medicine with AI: Integrating Imaging with Multimodal Data (PRIMED-AI) (UG3/UH3, Clinical Trial Optional)",3,layer2_vs_layer3_division,low,Jev division none vs deep model OSEC
860b4fea-1a14-41e2-9192-20914548302b,Advancing Healthcare for Older Adults from Populations that Experience Health Disparities (R01 - Clinical Trial Optional),3,layer2_vs_layer3_relevance,high,Jev said 'weak' (p=0.88) but deep model scored alignment 8/10 - a possible Layer 2 false negative
860b4fea-1a14-41e2-9192-20914548302b,Advancing Healthcare for Older Adults from Populations that Experience Health Disparities (R01 - Clinical Trial Optional),3,layer2_vs_layer3_division,low,Jev division none vs deep model DAGING
b92ee363-0a5f-4ee2-868f-84b93ce7050a,Community-Partnered Nursing Research Centers (P20 Clinical Trial Optional),3,layer2_vs_layer3_role,medium,Jev role 'partner' vs deep model role 'atypical'
9978ab03-daa2-4d23-b5bb-eeb42dcf7878,Palliative Care Research Across the Lifespan: Leveraging the Palliative Care Consortium,3,layer2_vs_layer3_role,medium,Jev role 'partner' vs deep model role 'atypical'
9978ab03-daa2-4d23-b5bb-eeb42dcf7878,Palliative Care Research Across the Lifespan: Leveraging the Palliative Care Consortium,3,layer2_vs_layer3_division,low,Jev division none vs deep model DPH
25f595e2-1671-4aae-a760-e3487a3d282c,Strategies to Innovate EmeRgENcy Care Clinical Trials Network (SIREN) Infrastructure – Clinical Enrollment Hubs,3,layer2_vs_layer3_role,medium,Jev role 'partner' vs deep model role 'atypical'
ff7edf5f-3dc8-4e2b-94a9-c4e9b1e06d3c,Occupational Safety and Health Education and Research Centers (T42),3,layer2_vs_layer3_division,low,Jev division none vs deep model DPH
bdd8e776-8fcc-4740-a784-2f8a95921e0a,Commercial Fishing Occupational Safety Training Project Grants (T03),3,layer2_vs_layer3_role,medium,Jev role 'atypical' vs deep model role 'lead'
d07ebcd7-96cf-40cb-8ae3-f401b6274080,PRIMED-AI: Data-to-Model Academic-Industrial Partnerships (D2M-AIP) for Precision Medicine with AI: Integrating Imaging with Multimodal Data (UG3/UH3 Clinical Trial Optional),3,layer2_vs_layer3_role,medium,Jev role 'partner' vs deep model role 'atypical'
52596a75-bd24-4f15-a996-b8fae56e392c,Digital Health Technology and Reciprocal Innovation to Improve Clinical and Public Health Outcomes,3,api_error,high,"HTTP 402 from https://ai-gateway.vercel.sh/v1/chat/completions: {""error"":{""message"":""API key budget exceeded. Current spend: $3.16, limit: $3.00. Team owners can edit this budget in AI Gateway Budgets & Spend (https://vercel.com/d?to=%2F%5Bteam%5D%2F%7E%2Fai-gatew"
e1dcb919-4710-49c3-9263-4849a1e8a507,Effectiveness Trials for Post-Acute Interventions and Services to Optimize Longer-term Outcomes (R01 Clinical Trial Required),3,layer2_vs_layer3_role,medium,Jev role 'atypical' vs deep model role 'lead'
66b556a1-f978-4dbe-ae6b-4d23f799eb1a,NIOSH Small Research Grant Program (R03),3,layer2_vs_layer3_role,medium,Jev role 'atypical' vs deep model role 'lead'
afc00d6c-1c46-41b9-bf6a-49e00362e143,Network of the National Library of Medicine Training Center (U24 Clinical Trial Not Allowed),3,layer2_vs_layer3_role,medium,Jev role 'atypical' vs deep model role 'lead'
d23e74e1-5ffd-4ef3-ad72-7fb9697e5949,Interventions to Address Disparities in Liver Diseases and Liver Cancer (R01 - Clinical Trials Optional),3,layer2_vs_layer3_relevance,high,Jev said 'weak' (p=0.86) but deep model scored alignment 9/10 - a possible Layer 2 false negative
d23e74e1-5ffd-4ef3-ad72-7fb9697e5949,Interventions to Address Disparities in Liver Diseases and Liver Cancer (R01 - Clinical Trials Optional),3,layer2_vs_layer3_role,medium,Jev role 'atypical' vs deep model role 'lead'
f0f92216-2abf-4b7d-9ba9-9b1f554c5958,The Next Generation of the Clinical and Translational Science Awards Program Trial Innovation Network,3,layer2_vs_layer3_division,low,Jev division DPH vs deep model none
646e27d6-2e72-4093-8fdc-700e57d0cbc6,Environmental influences on Child Health Outcomes (ECHO) Cohort Data and Biospecimen Access (X01 Clinical Trial Not Allowed),3,layer2_vs_layer3_relevance,high,Jev said 'weak' (p=0.93) but deep model scored alignment 9/10 - a possible Layer 2 false negative
646e27d6-2e72-4093-8fdc-700e57d0cbc6,Environmental influences on Child Health Outcomes (ECHO) Cohort Data and Biospecimen Access (X01 Clinical Trial Not Allowed),3,layer2_vs_layer3_role,medium,Jev role 'atypical' vs deep model role 'lead'
967f621e-4adc-4208-98d4-ae3b7671ad10,FDA Support for Conferences and Scientific Meetings (R13 Clinical Trial Not Allowed),3,layer2_vs_layer3_role,medium,Jev role 'atypical' vs deep model role 'lead'
967f621e-4adc-4208-98d4-ae3b7671ad10,FDA Support for Conferences and Scientific Meetings (R13 Clinical Trial Not Allowed),3,layer2_vs_layer3_division,low,Jev division none vs deep model DPH
72610d49-3969-4f3f-8018-48f186c2c4dc,Secondary Analysis and Integration of Existing Data to Elucidate Cancer Risk and Related Outcomes (R01 Clinical Trial Not Allowed),3,layer2_vs_layer3_relevance,high,Jev said 'weak' (p=0.91) but deep model scored alignment 7/10 - a possible Layer 2 false negative
72610d49-3969-4f3f-8018-48f186c2c4dc,Secondary Analysis and Integration of Existing Data to Elucidate Cancer Risk and Related Outcomes (R01 Clinical Trial Not Allowed),3,layer2_vs_layer3_role,medium,Jev role 'atypical' vs deep model role 'lead'
e656176c-fec2-4132-8761-875dfa73dbc8,Network of the National Library of Medicine Regional Medical Libraries (UG4 Clinical Trial Not Allowed),3,layer2_vs_layer3_role,medium,Jev role 'atypical' vs deep model role 'lead'
224cb740-46ae-4eab-bdb5-d858638ee591,Fair Housing Initiatives Program - Education and Outreach Initiative,3,layer2_vs_layer3_role,medium,Jev role 'atypical' vs deep model role 'lead'
67e06df1-e563-43fa-8fd0-46f3cbbc9aef,Network of the National Library of Medicine Coordinating Center (U24 Clinical Trial Optional),3,unverified_strategic_quote,high,"quote not found in grant text: 'The NCC will manage network-wide evaluation activities, including the development of tools and systems for data collection and analysis, and will lead the common metrics initiative and related reporti'"
c7d4fdfb-bb99-4717-a08f-27b0ef4f1daa,Chronic Care Telehealth Centers of Excellence Program,3,layer2_vs_layer3_relevance,high,Jev said 'weak' (p=0.87) but deep model scored alignment 9/10 - a possible Layer 2 false negative
bc768aba-aa46-47dc-990e-48ea87be8e79,Advanced Development and Sustainment of Informatics Technologies for Cancer Research and Management (U24 Clinical Trial Optional),3,layer2_vs_layer3_relevance,high,Jev said 'weak' (p=0.94) but deep model scored alignment 7/10 - a possible Layer 2 false negative
7472b3bc-2bef-4494-854d-146821158d74,Centers of Excellence (COE),3,layer2_vs_layer3_relevance,high,Jev said 'weak' (p=0.88) but deep model scored alignment 7/10 - a possible Layer 2 false negative
efa5065c-2676-4b1a-b17f-d7e42dcfb3e4,NIDCR Behavioral and Social Intervention Clinical Trial Planning and Implementation Cooperative Agreement (UG3/UH3 Clinical Trial Required),3,layer2_vs_layer3_division,low,Jev division none vs deep model DPH
39082d33-81a4-4136-8e86-aa33bbfc438b,Laboratories to Optimize Digital Health (R01 Clinical Trial Required),3,layer2_vs_layer3_relevance,high,Jev said 'weak' (p=0.9) but deep model scored alignment 7/10 - a possible Layer 2 false negative
ba699726-91ac-405c-b9b6-d13c91085555,Development of Fiscal Year 2027 Commercial Vehicle Safety Plans to Support National Safety Goals,3,layer2_vs_layer3_role,medium,Jev role 'lead' vs deep model role 'atypical'
f4ac056d-f7a3-403b-8e82-95ddbd4a1e4b,NIOSH Exploratory/Developmental Grant Program (R21),3,layer2_vs_layer3_role,medium,Jev role 'atypical' vs deep model role 'lead'
e0b00d08-7c83-4488-8b55-94bd733a57fa,Occupational Safety and Health Research (R01),3,layer2_vs_layer3_role,medium,Jev role 'atypical' vs deep model role 'lead'
ff53e2e3-28af-4065-8519-b45c5d4b347a,Risk and Protective Factors of Family Health and Family Level Interventions (R01 Clinical Trial Optional),3,layer2_vs_layer3_relevance,high,Jev said 'weak' (p=0.93) but deep model scored alignment 8/10 - a possible Layer 2 false negative
ff53e2e3-28af-4065-8519-b45c5d4b347a,Risk and Protective Factors of Family Health and Family Level Interventions (R01 Clinical Trial Optional),3,layer2_vs_layer3_role,medium,Jev role 'atypical' vs deep model role 'lead'
ff53e2e3-28af-4065-8519-b45c5d4b347a,Risk and Protective Factors of Family Health and Family Level Interventions (R01 Clinical Trial Optional),3,layer2_vs_layer3_division,low,Jev division none vs deep model DPH
9b99689b-52c2-4134-8d19-313963a8b2b4,Cancer Prevention and Control Clinical Trials Grant Program (R01 Clinical Trial Required),3,api_error,high,"HTTP 402 from https://ai-gateway.vercel.sh/v1/chat/completions: {""error"":{""message"":""API key budget exceeded. Current spend: $3.16, limit: $3.00. Team owners can edit this budget in AI Gateway Budgets & Spend (https://vercel.com/d?to=%2F%5Bteam%5D%2F%7E%2Fai-gatew"
131fabad-5506-431b-b87a-e564f1d8dcc4,Research Grants in Clinical Informatics (R01 Clinical Trial Optional),3,layer2_vs_layer3_division,low,Jev division none vs deep model OSEC
d92a6645-61df-4765-8caa-4db9aa678c6e,NIA Expanding Research in AD/ADRD (ERA) Summer Research Education Program (R25 Independent Clinical Trial Not Allowed),3,layer2_vs_layer3_division,low,Jev division none vs deep model DAGING
e0cc79e9-8179-4567-9776-7dc57f4e8e3c,Enhancement and Management of Established Biomedical Data Repositories and Knowledgebases (R24 Clinical Trial Not Allowed),3,layer2_vs_layer3_division,low,Jev division none vs deep model OSEC
84650d31-209c-4f65-9264-c872352a7eee,High-Priority Research in Tobacco Regulatory Science (Clinical Trial Optional),3,layer2_vs_layer3_role,medium,Jev role 'atypical' vs deep model role 'lead'
12d37e89-ae40-43a9-8f29-59e3347676ae,Emergency Competitive Revision to Existing NIH Awards (Emergency Supplement - Clinical Trial Optional),3,layer2_vs_layer3_division,low,Jev division none vs deep model DPH
17831514-d29d-4e00-8071-c319e7e79130,State Electronic Crash Data Collection,3,layer2_vs_layer3_role,medium,Jev role 'partner' vs deep model role 'ineligible'
818e5c60-39e1-4009-9d8e-698d365b5ad1,Intervention Research to Improve Native American Health (R01 Clinical Trial Optional),3,layer2_vs_layer3_relevance,high,Jev said 'weak' (p=0.94) but deep model scored alignment 8/10 - a possible Layer 2 false negative
818e5c60-39e1-4009-9d8e-698d365b5ad1,Intervention Research to Improve Native American Health (R01 Clinical Trial Optional),3,layer2_vs_layer3_role,medium,Jev role 'atypical' vs deep model role 'lead'
818e5c60-39e1-4009-9d8e-698d365b5ad1,Intervention Research to Improve Native American Health (R01 Clinical Trial Optional),3,layer2_vs_layer3_division,low,Jev division none vs deep model DPH
73f39ef2-101c-4f6a-bf77-30ebea1d8474,Short Courses on Innovative Methodologies and Approaches in the Behavioral and Social Sciences (R25 Clinical Trials Not Allowed),3,layer2_vs_layer3_role,medium,Jev role 'atypical' vs deep model role 'lead'
b56109e1-0c63-42ea-96cb-13f4ef3a5064,Data Sharing for Demographic Research Infrastructure Program,3,layer2_vs_layer3_role,medium,Jev role 'atypical' vs deep model role 'lead'
b56109e1-0c63-42ea-96cb-13f4ef3a5064,Data Sharing for Demographic Research Infrastructure Program,3,layer2_vs_layer3_division,low,Jev division none vs deep model OSEC
ac5709b0-e4ba-4653-a2b9-2087cb1c9b42,Notice of Intent:  Program to End Modern Slavery FY 2023,3,layer2_vs_layer3_role,medium,Jev role 'partner' vs deep model role 'ineligible'
709d706d-461f-4ce1-bc94-72aaae2e4cde,New Investigator Grants to Conduct Research to Prevent Interpersonal Violence and Suicide Among Children and Adolescents (K01),3,layer2_vs_layer3_division,low,Jev division DPH vs deep model DMHDDSUS
e101a9db-4cd3-4a31-936d-be3ebd1bfd5d,NIH Support for Conferences and Scientific Meetings (Parent R13 Clinical Trial Not Allowed),3,layer2_vs_layer3_role,medium,Jev role 'atypical' vs deep model role 'lead'
e101a9db-4cd3-4a31-936d-be3ebd1bfd5d,NIH Support for Conferences and Scientific Meetings (Parent R13 Clinical Trial Not Allowed),3,layer2_vs_layer3_division,low,Jev division none vs deep model DPH
568fb3c7-74aa-436e-83b3-7cfc226ae206,Early-Stage Dissemination and Implementation Research in Communication Disorders (R21 Clinical Trial Optional),3,layer2_vs_layer3_role,medium,Jev role 'atypical' vs deep model role 'lead'
de739b2d-53dd-455e-bab7-50ba7e9506fb,Population Assessment of Tobacco and Health (PATH) Study Biospecimen Access (X01),3,layer2_vs_layer3_role,medium,Jev role 'atypical' vs deep model role 'lead'
a5fdd007-af1e-44d4-9397-3cd7d439e88b,NIEHS Worker Training Program’s SBIR E-Learning for HAZMAT and Emergency Response (R43/R44 Clinical Trial Not Allowed),3,layer2_vs_layer3_division,low,Jev division none vs deep model DPH
8be6fe10-f53b-4855-b3a3-06d2baeb2fa9,Children’s Hospitals Graduate Medical Education (CHGME) Payment Program,3,api_error,high,"HTTP 402 from https://ai-gateway.vercel.sh/v1/chat/completions: {""error"":{""message"":""API key budget exceeded. Current spend: $3.16, limit: $3.00. Team owners can edit this budget in AI Gateway Budgets & Spend (https://vercel.com/d?to=%2F%5Bteam%5D%2F%7E%2Fai-gatew"
0a510108-a714-4d61-9811-7c9ae16e7768,Climate Program Office for FY 2012,3,api_error,high,"HTTP 402 from https://ai-gateway.vercel.sh/v1/chat/completions: {""error"":{""message"":""API key budget exceeded. Current spend: $3.16, limit: $3.00. Team owners can edit this budget in AI Gateway Budgets & Spend (https://vercel.com/d?to=%2F%5Bteam%5D%2F%7E%2Fai-gatew"
8d79c6d1-86ef-4cb3-b467-b00baccfeea0,Federal and State Integration Activities to Advance Cooperation and Regulatory Standards Among Animal Food Safety Regulatory Programs,3,api_error,high,"HTTP 402 from https://ai-gateway.vercel.sh/v1/chat/completions: {""error"":{""message"":""API key budget exceeded. Current spend: $3.16, limit: $3.00. Team owners can edit this budget in AI Gateway Budgets & Spend (https://vercel.com/d?to=%2F%5Bteam%5D%2F%7E%2Fai-gatew"
4cbf781d-7933-4399-a49c-bfb5699b64f0,Commercial Fishing Occupational Safety Research Cooperative Agreement (U01),3,api_error,high,"HTTP 402 from https://ai-gateway.vercel.sh/v1/chat/completions: {""error"":{""message"":""API key budget exceeded. Current spend: $3.16, limit: $3.00. Team owners can edit this budget in AI Gateway Budgets & Spend (https://vercel.com/d?to=%2F%5Bteam%5D%2F%7E%2Fai-gatew"
22cd6481-2f7c-4e91-9706-9e5c6f47978d,Ensuring Research Integrity - Research on Research Integrity (RRI),3,api_error,high,"HTTP 402 from https://ai-gateway.vercel.sh/v1/chat/completions: {""error"":{""message"":""API key budget exceeded. Current spend: $3.16, limit: $3.00. Team owners can edit this budget in AI Gateway Budgets & Spend (https://vercel.com/d?to=%2F%5Bteam%5D%2F%7E%2Fai-gatew"
be7ad44e-fbed-483b-85a7-7a1ab154910e,NIEHS Worker Training Program’s HAZMAT Training at DOE Nuclear Weapons Complex (UH4 Clinical Trial Not Allowed),3,api_error,high,"HTTP 402 from https://ai-gateway.vercel.sh/v1/chat/completions: {""error"":{""message"":""API key budget exceeded. Current spend: $3.16, limit: $3.00. Team owners can edit this budget in AI Gateway Budgets & Spend (https://vercel.com/d?to=%2F%5Bteam%5D%2F%7E%2Fai-gatew"
144a89d3-d417-4a72-9bca-d361652bd993,Authority to Accept Unsolicited Proposals for Research Partnerships Notice of Intent (NOI),3,api_error,high,"HTTP 402 from https://ai-gateway.vercel.sh/v1/chat/completions: {""error"":{""message"":""API key budget exceeded. Current spend: $3.16, limit: $3.00. Team owners can edit this budget in AI Gateway Budgets & Spend (https://vercel.com/d?to=%2F%5Bteam%5D%2F%7E%2Fai-gatew"
5269870b-a071-47ba-a076-d3fbc1955077,Innovative Traffic Safety Enforcement (ITSE) Grant Program,3,api_error,high,"HTTP 402 from https://ai-gateway.vercel.sh/v1/chat/completions: {""error"":{""message"":""API key budget exceeded. Current spend: $3.16, limit: $3.00. Team owners can edit this budget in AI Gateway Budgets & Spend (https://vercel.com/d?to=%2F%5Bteam%5D%2F%7E%2Fai-gatew"
85cfae9e-d222-469b-b791-a4271fd26b29,Unemployment Insurance Integrity Center of Excellence Operations,3,api_error,high,"HTTP 402 from https://ai-gateway.vercel.sh/v1/chat/completions: {""error"":{""message"":""API key budget exceeded. Current spend: $3.16, limit: $3.00. Team owners can edit this budget in AI Gateway Budgets & Spend (https://vercel.com/d?to=%2F%5Bteam%5D%2F%7E%2Fai-gatew"
065de23d-8220-4dbb-9ea2-82ae8e9fb4dc,Findable Accessible Interoperable Reusable Open Science,3,api_error,high,"HTTP 402 from https://ai-gateway.vercel.sh/v1/chat/completions: {""error"":{""message"":""API key budget exceeded. Current spend: $3.16, limit: $3.00. Team owners can edit this budget in AI Gateway Budgets & Spend (https://vercel.com/d?to=%2F%5Bteam%5D%2F%7E%2Fai-gatew"
c3b72a13-83cd-4e74-83d4-a8f130d8cc1b,Artificial Intelligence and Cybersecurity Education Innovation and Scholarship for Service (CyberAI SFS),3,api_error,high,"HTTP 402 from https://ai-gateway.vercel.sh/v1/chat/completions: {""error"":{""message"":""API key budget exceeded. Current spend: $3.16, limit: $3.00. Team owners can edit this budget in AI Gateway Budgets & Spend (https://vercel.com/d?to=%2F%5Bteam%5D%2F%7E%2Fai-gatew"
