aln,total,state_agency,university,tribal,local_government,nonprofit_or_other,unclassified,nc_dhhs,nc_state_agency,nc_state_agency_names,top_recipients,error
10.031,0.0,0.0,0.0,0.0,0.0,0.0,0.0,0.0,0.0,,,
10.170,385251876.34,356258866.90000004,8291537.800000001,2913325.75,0.0,17788145.889999997,0.0,0.0,6812526.19,NORTH CAROLINA DEPARTMENT OF AGRICULTURE & CONSUMER SERVICES,"FOOD & AGRICULTURE, CALIFORNIA DEPARTMENT OF ($108.5M); STATE OF WASHINGTON DEPARTMENT OF AGRICULTURE ($36.1M); DEPARTMENT OF AGRICULTURE & CONSUMER SERVICES FLORIDA ($17.1M)",
10.173,0.0,0.0,0.0,0.0,0.0,0.0,0.0,0.0,0.0,,,
10.197,0.0,0.0,0.0,0.0,0.0,0.0,0.0,0.0,0.0,,,
10.210,9229950.46,0.0,9233048.789999995,0.0,0.0,-3098.33,0.0,0.0,0.0,,VIRGINIA POLYTECHNIC INSTITUTE & STATE UNIVERSITY ($0.7M); MICHIGAN STATE UNIVERSITY ($0.7M); THE PENNSYLVANIA STATE UNIVERSITY ($0.7M),
10.217,14267383.540000001,0.0,13475134.089999994,0.0,0.0,792249.45,0.0,0.0,0.0,,"UNIVERSITY OF GEORGIA RESEARCH FOUNDATION, INC. ($1.0M); NORTH CAROLINA STATE UNIVERSITY ($1.0M); THE PENNSYLVANIA STATE UNIVERSITY ($0.9M)",
10.227,8477498.71,0.0,8127508.699999999,349990.01,0.0,0.0,0.0,0.0,0.0,,NAVAJO TECHNICAL UNIVERSITY ($1.6M); COLLEGE OF THE MENOMINEE NATION ($1.3M); NORTHWEST INDIAN COLLEGE ($0.7M),
10.310,1641161898.42,0.0,1460803382.4599998,0.0,0.0,129753570.83,0.0,0.0,0.0,,"OHIO STATE UNIVERSITY, THE ($63.3M); UNIVERSITY OF CALIFORNIA, DAVIS ($60.8M); PURDUE UNIVERSITY ($59.2M)",
10.675,36733476.68,15502453.51,4478634.42,0.0,268711.34,16483677.430000002,0.0,0.0,0.0,,DEPARTMENT OF NATURAL RESOURCES ILLINOIS ($4.0M); DEPARTMENT OF NATURAL RESOURCES ($2.5M); MINNESOTA DEPARTMENT OF NATURAL RESOURCES ($2.4M),
10.684,90216583.34,0.0,20714450.739999995,199982.58,0.0,67522109.15,0.0,0.0,0.0,,FOREST SERVICE INTERNATIONAL FOUNDATION ($7.8M); MONARCH JOINT VENTURE ($6.3M); PROFONANPE ($3.2M),
10.689,20400889.37,37266.0,0.0,357250.0,7626501.9,12379871.469999999,0.0,0.0,0.0,,GREAT PENINSULA CONSERVANCY ($1.2M); WHIDBEY-CAMANO LAND TRUST ($1.0M); BAYFIELD COUNTY ($0.9M),
10.757,0.0,0.0,0.0,0.0,0.0,0.0,0.0,0.0,0.0,,,
10.862,12842238.86,0.0,0.0,0.0,0.0,12842238.860000001,0.0,0.0,0.0,,"WATER WELL TRUST INC ($7.2M); COMMUNITIES UNLIMITED INC ($1.4M); GOLDEN TRIANGLE RESOURCE CONSERVATION & DEVELOPMENT AREA, INC ($1.0M)",
10.868,1501943691.74,1500000.0,0.0,5000000.0,1998820.0,210318719.09,0.0,0.0,0.0,,"THE LASER INVESTMENT GROUP, LLC ($2.2M); KASPAR WIRE WORKS, INC. ($2.0M); MITCHELL DELTA DISTRIBUTING, LLC ($2.0M)",
11.015,18645634.0,0.0,9686514.0,0.0,0.0,8959120.0,0.0,0.0,0.0,,NATIONAL FISH AND WILDLIFE FOUNDATION ($6.4M); UNIVERSITY OF MASSACHUSETTS LOWELL ($3.4M); UNIVERSITY OF ROCHESTER ($2.8M),
11.029,2235757695.57,0.0,3225062.38,1575905780.8299992,1325671.0,630920720.8800001,0.0,0.0,0.0,,"DEPARTMENT OF HAWAIIAN HOME LANDS ($90.0M); NANA REGIONAL CORPORATION, INC. ($65.2M); THE HOOPA VALLEY TRIBE ($65.1M)",
11.036,52881724.08,0.0,0.0,0.0,10722299.83,42159424.25,0.0,0.0,0.0,,"NATIONAL DIGITAL INCLUSION ALLIANCE ($25.8M); CLARK COUNTY, NV ($10.7M); INTERNATIONAL RESCUE COMMITTEE, INC. ($8.4M)",
11.037,0.0,0.0,0.0,0.0,0.0,0.0,0.0,0.0,0.0,,,
11.042,9817465.96,0.0,0.0,0.0,0.0,9817465.96,0.0,0.0,0.0,,"ACTIVATE GLOBAL INC ($5.0M); OCTAVE PHOTONICS LLC ($0.3M); TIPTEK, LLC ($0.3M)",
11.300,381287056.57,659861.7,63761785.93,18311904.0,203519537.43,95033967.51,0.0,0.0,0.0,,YUROK ECONOMIC DEVELOPMENT CORP ($6.0M); COUNTY OF GRENADA ($5.4M); ATHENS COUNTY PORT AUTHORITY ($5.0M),
11.302,114691823.49000001,10320900.0,0.0,4533852.93,1554511.1099999999,50446130.89,0.0,0.0,0.0,,"KENTUCKY DEPARTMENT FOR LOCAL GOVERNMENT ($5.0M); SOUTHEASTERN NEW MEXICO ECONOMIC DEVELOPMENT DISTRICT, INC. ($0.8M); SEDA COUNCIL OF GOVERNMENTS ($0.7M)",
11.303,36858614.47,491484.62,27284643.970000003,707135.75,1522166.51,6853183.62,0.0,0.0,0.0,,"NATIONAL ASSOCIATION OF DEVELOPMENT ORGANIZATIONS RESEARCH FOUNDATION, INC. ($1.5M); BOARD OF REGENTS OF NEVADA SYSTEM OF HIGHER EDUCATION ($1.0M); INSTITUTE FOR LOCAL SELF-RELIANCE, INC. ($0.8M)",
11.307,3725930093.24,391215607.03,584249726.72,50533149.0,426612756.55,896082043.5600001,0.0,0.0,0.0,,THE RESEARCH FOUNDATION FOR THE STATE UNIVERSITY OF NEW YORK ($65.8M); WICHITA STATE UNIVERSITY ($53.0M); THE SOUTHEAST CONFERENCE ($49.5M),
11.312,4904049.6,0.0,500000.0,0.0,0.0,4404049.600000001,0.0,0.0,0.0,,"UCHICAGO ARGONNE, LLC ($3.8M); THE URBAN INSTITUTE ($0.6M); VIRGINIA POLYTECHNIC INSTITUTE & STATE UNIVERSITY ($0.5M)",
11.431,312322118.54,152171.0,258622641.65999997,3376538.0,0.0,50170767.879999995,0.0,0.0,0.0,,UNIVERSITY CORPORATION FOR ATMOSPHERIC RESEARCH ($98.2M); MULTIPLIER ($23.3M); THE REGENTS OF THE UNIVERSITY OF COLORADO ($12.8M),
11.455,719740.0,0.0,297340.0,0.0,0.0,422400.0,0.0,0.0,0.0,,SEA EDUCATION ASSOCIATION INC ($0.4M); UNIVERSITY OF FLORIDA ($0.2M); UNIVERSITY OF SOUTH ALABAMA ($0.1M),
11.463,1236508669.03,214507096.4,24213645.0,178681540.0,96265480.48,722840907.15,0.0,0.0,0.0,,"THE NATURE CONSERVANCY ($160.7M); COASTAL PROTECTION & RESTORATION AUTHORITY OF LOUISIANA ($107.1M); TROUT UNLIMITED, INC. ($47.0M)",
12.005,478269090.19,6949643.8,359480331.19,735340.86,0.0,111103774.34000002,0.0,0.0,0.0,,COLORADO STATE UNIVERSITY ($310.1M); SALCHA-DELTA SWCD ($33.5M); UNIVERSITY OF HAWAII ($20.7M),
12.006,112256422.95,0.0,56343815.030000016,0.0,0.0,55912607.910000004,0.0,0.0,0.0,,RESEARCH TRIANGLE INSTITUTE ($35.3M); THE UNIVERSITY OF TEXAS AT EL PASO ($9.3M); BARRY GOLDWATER SCHOLARSHIP ($9.0M),
12.019,45483704.69,0.0,45483704.69,0.0,0.0,0.0,0.0,0.0,0.0,,UNIVERSITY OF HAWAII ($45.5M),
12.024,10282453.89,4963200.0,2865006.92,0.0,0.0,2454246.9699999997,0.0,0.0,0.0,,CALIFORNIA MILITARY DEPARTMENT ($5.0M); CLEMSON UNIVERSITY ($0.6M); TRANSPARENCY INTERNATIONAL (UK) ($0.6M),
12.300,3307063262.15,2300496.0,2565686577.1200027,0.0,2350000.0,542168836.0800002,0.0,0.0,0.0,,UNIVERSITY OF CALIFORNIA SAN DIEGO ($164.4M); MASSACHUSETTS INSTITUTE OF TECHNOLOGY ($137.1M); UNIVERSITY OF WASHINGTON ($102.3M),
12.330,83699716.67,0.0,41615150.35000001,0.0,686578.0,41397988.32,0.0,0.0,0.0,,"UNIVERSITIES SPACE RESEARCH ASSOCIATION ($25.6M); GEORGE WASHINGTON UNIVERSITY (THE) ($5.9M); UNIVERSITY OF CALIFORNIA, SAN DIEGO ($4.9M)",
12.335,0.0,0.0,0.0,0.0,0.0,0.0,0.0,0.0,0.0,,,
12.350,212671888.54,0.0,30210439.5,0.0,0.0,182461449.03999996,0.0,0.0,0.0,,"JHPIEGO CORP ($57.6M); UNIVERSITY RESEARCH CO., LLC ($30.2M); CENTRE FOR INFECTIOUS DISEASE RESEARCH IN ZAMBIA ($23.3M)",
12.351,194599280.36,0.0,168485583.70000005,0.0,0.0,26113696.66,0.0,0.0,0.0,,"THE JOHNS HOPKINS UNIVERSITY ($36.0M); THE PENNSYLVANIA STATE UNIVERSITY ($25.3M); REGENTS OF THE UNIVERSITY OF CALIFORNIA, SAN FRANCISCO, THE ($8.7M)",
12.420,5640094062.21,0.0,3068370069.44,0.0,22619849.59,1893474804.760001,0.0,0.0,0.0,,"THE HENRY M. JACKSON FOUNDATION FOR THE ADVANCEMENT OF MILITARY MEDICINE, INC. ($420.3M); THE UNIVERISTY OF TEXAS M.D. ANDERSON CANCER CENTER ($150.0M); THE JOHNS HOPKINS UNIVERSITY ($136.4M)",
12.431,2303372550.5,0.0,1740909553.2299995,0.0,0.0,488342019.1999998,0.0,0.0,0.0,,"UNIVERSITY OF MARYLAND, COLLEGE PARK ($133.9M); GENERAL DYNAMICS ROBOTIC SYSTEMS INC ($106.0M); MASSACHUSETTS INSTITUTE OF TECHNOLOGY ($84.9M)",
12.600,1149342560.94,178677770.59,36276195.0,0.0,707893445.5,226495149.85,0.0,0.0,0.0,,SCHOOL DIST #201 ISLAND COUNTY ($137.0M); HAWAII STATE DEPARTMENT OF EDUCATION ($119.3M); HILLSBOROUGH COUNTY SCHOOL DISTRICT ($86.4M),
12.630,1018931623.4100001,0.0,726860963.8400002,0.0,0.0,275566843.68,0.0,0.0,0.0,,MSI STEM RESEARCH & DEVELOPMENT CONSORTIUM ($73.1M); BATTELLE MEMORIAL INSTITUTE ($69.6M); UNIVERSITY OF CALIFORNIA SAN DIEGO ($44.1M),
12.632,24380798.14,-16111.73,3202488.74,0.0,-235194.65,21429615.79,0.0,0.0,0.0,,NATIONAL PRESERVATION INSTITUTE ($7.5M); NATIONAL ASSOCIATION OF CONSERVATION DISTRICTS ($7.1M); COLORADO STATE UNIVERSITY ($2.9M),
12.800,3127619506.15,0.0,1639559732.7100005,0.0,0.0,1343669096.6100004,0.0,0.0,0.0,,"BIOINDUSTRIAL MANUFACTURING AND DESIGN ECOSYSTEM ($521.4M); NATIONAL CENTER FOR DEFENSE MANUFACTURING AND MACHINING ($256.8M); FLEXTECH ALLIANCE, INC. ($189.0M)",
12.902,32008651.73,0.0,29377471.39,0.0,0.0,2631180.34,0.0,0.0,0.0,,UNIVERSITY OF NORTH TEXAS ($2.1M); THE CITADEL ($1.8M); CEDARVILLE UNIVERSITY ($1.6M),
12.910,1172499948.48,0.0,1075478694.6799998,250000.0,0.0,96771253.81000002,0.0,0.0,0.0,,CLEMSON UNIVERSITY ($82.3M); REGENTS OF THE UNIVERSITY OF MICHIGAN ($51.8M); MASSACHUSETTS INSTITUTE OF TECHNOLOGY ($49.8M),
14.024,225000000.0,42026690.629999995,0.0,25975671.97,18293269.93,138704367.47,0.0,0.0,0.0,,"ROC USA LLC ($38.1M); GREATER CHARLOTTESVILLE HABITAT FOR HUMANITY, INC. ($29.2M); KENTUCKY DEPARTMENT FOR LOCAL GOVERNMENT ($28.3M)",
14.169,192594590.04,32797960.53,559130.85,90074.0,2183601.9200000004,157441936.04,0.0,0.0,0.0,,NEIGHBORHOOD STABILIZATION CORP ($13.8M); NEIGHBORHOOD REINVESTMENT CORPORATION ($12.7M); UNIDOSUS ($10.2M),
14.416,-322268.71,0.0,0.0,0.0,0.0,0.0,0.0,0.0,0.0,,,
14.418,168440734.33,0.0,1847218.67,1761036.0,6924018.45,157908461.20999998,0.0,0.0,0.0,,"LEGAL AID SERVICES OF OKLAHOMA, INC. ($2.0M); BROOKLYN LEGAL SERVICES, INC. ($2.0M); COMMUNITY LEGAL AID INC. ($2.0M)",
14.506,38278971.56,-25000.0,30655644.069999997,0.0,474981.76,7173345.73,0.0,0.0,0.0,,WINSTON-SALEM STATE UNIVERSITY ($4.0M); TEXAS TECH UNIVERSITY SYSTEM ($3.2M); ARIZONA STATE UNIVERSITY ($3.0M),
14.537,75767897.35,0.0,0.0,0.0,3650581.28,72117316.07,0.0,0.0,0.0,,COMMUNITY LEGAL AID INC. ($4.8M); LEGAL SERVICES OF GREATER MIAMI INC ($3.5M); LEGAL SERVICES OF THE HUDSON VALLEY ($3.2M),
14.862,585604798.6600001,0.0,0.0,376641003.88,5175000.0,130259275.29,0.0,0.0,0.0,,WHITE MOUNTAIN APACHE HOUSING AUTHORITY ($17.4M); ALL MISSION INDIAN HOUSING AUTHORITY ($16.2M); ALASKA NATIVE TRIBAL HEALTH CONSORTIUM ($11.9M),
14.867,4568741466.11,0.0,0.0,1931266743.3600001,0.0,2347075590.98,0.0,0.0,0.0,,NAVAJO HOUSING AUTHORITY ($454.3M); CHEROKEE NATION ($184.8M); MUSCOGEE CREEK NATION ($117.0M),
14.870,144626449.15,1675210.0,0.0,1680467.6099999999,38007694.64000001,63237387.769999996,0.0,0.0,270710.0,WASHINGTON HOUSING AUTHORITY,"ABT GLOBAL LLC ($4.4M); THE PARTNERSHIP CENTER LTD ($2.8M); ICF INCORPORATED, L.L.C. ($2.0M)",
14.880,0.0,0.0,0.0,0.0,0.0,0.0,0.0,0.0,0.0,,,
14.895,38731199.839999996,3000000.0,0.0,0.0,19099631.13,16631568.709999999,0.0,0.0,0.0,,NEW YORK CITY HOUSING AUTHORITY ($3.7M); SOUTHERN NEVADA REGIONAL HOUSING AUTHORITY ($3.0M); VALDOSTA HOUSING AUTHORITY ($3.0M),
15.035,252929621.2,30267588.25,-17526.95,212580748.37999997,196987.63999999998,9901823.879999999,0.0,0.0,0.0,,CONFEDERATED TRIBES OF WARM SPRINGS RESERVATION OF OREGON ($24.4M); CONFEDERATED SALISH AND KOOTENAI TRIBES OF THE FLATHEAD RESERVATION ($24.3M); WASHINGTON STATE DEPARTMENT OF NATURAL RESOURCES ($17.3M),
15.232,26509711.240000002,0.0,24642216.180000003,0.0,0.0,1867495.07,0.0,0.0,0.0,,REGENTS OF THE UNIVERSITY OF IDAHO ($1.8M); OREGON STATE UNIVERSITY ($1.8M); COLORADO STATE UNIVERSITY ($1.8M),
15.243,53284226.3,257813.86,2866641.56,-11869.31,48300.020000000004,50123340.17,0.0,0.0,0.0,,AMERICAN CONSERVATION EXPERIENCE ($15.0M); CONSERVATION LEGACY ($11.2M); COLORADO YOUTH CORPS ASSOCIATION ($5.4M),
15.504,864171612.37,1300000.0,0.0,0.0,400310296.05,462561316.31,0.0,0.0,0.0,,THE METROPOLITAN WATER DISTRICT OF SOUTHERN CALIFORNIA ($130.5M); CITY OF SAN BUENAVENTURA ($106.2M); WATER REPLENISHMENT DISTRICT OF SOUTHERN CALIFORNIA ($41.9M),
15.507,395874628.39,13843397.59,0.0,7903367.2,102524780.97,256761826.32999998,0.0,0.0,0.0,,"TROUT UNLIMITED, INC. ($10.8M); THE METROPOLITAN WATER DISTRICT OF SOUTHERN CALIFORNIA ($9.0M); NORTH KERN WATER STORAGE DISTRICT ($8.9M)",
15.554,22714231.91,238213.27,204579.26,547589.84,2492796.6,19231052.939999998,0.0,0.0,0.0,,"TROUT UNLIMITED, INC. ($2.2M); NFRIA-WSERC CONSERVATION CENTER, INC. ($1.6M); DESCHUTES RIVER CONSERVANCY ($0.5M)",
15.591,0.0,0.0,0.0,0.0,0.0,0.0,0.0,0.0,0.0,,,
15.608,227830006.93,77116210.07000001,31457225.070000004,28528652.63,7665369.159999999,82135281.99000001,0.0,0.0,274529.54000000004,NORTH CAROLINA WILDLIFE RESOURCES COMMISSION; USS NORTH CAROLINA BATTLESHIP COMMISSION,TAHOE REGIONAL PLANNING AGENCY ($22.6M); AUBURN UNIVERSITY ($18.9M); ARKANSAS GAME & FISH COMMISSION ($12.5M),
15.630,61961404.63,8357917.290000001,3626755.1600000006,231138.65,2047109.2899999998,48285172.92000001,23000.0,0.0,164927.75,FRIENDS OF THE NORTH CAROLINA STATE MUSEUM OF NATURAL SCIENCES; NORTH CAROLINA DEPARTMENT OF NATURAL AND CULTURAL RESOURCES,"GREENTRUST ALLIANCE INC ($23.4M); STATE OF DELAWARE, DNREC ($6.3M); DUCKS UNLIMITED, INC. ($2.6M)",
15.631,122763661.53,10591594.67,7796821.21,3278077.0,3902000.6,91019290.91000004,1142954.43,0.0,0.0,NORTH CAROLINA WILDLIFE RESOURCES COMMISSION,"PHEASANTS FOREVER, INC. ($7.5M); KLAMATH WATERSHED PARTNERSHIP ($6.8M); UNIVERSITY OF GEORGIA RESEARCH FOUNDATION, INC. ($6.5M)",
15.662,126381093.26,56673221.580000006,7256115.76,1875406.34,774926.27,59801423.31,0.0,0.0,0.0,,"NATIONAL FISH AND WILDLIFE FOUNDATION ($47.6M); DEPARTMENT OF NATURAL RESOURCES ILLINOIS ($37.0M); NATURAL RESOURCES, OHIO DEPARTMENT OF, DIVISION OF WILDLIFE ($6.9M)",
15.667,44438250.5,31403959.0,0.0,0.0,0.0,13034291.5,0.0,0.0,0.0,,"DEPARTMENT OF CONSERVATION & NATURAL RESOURCES PENNSYLVANIA ($25.0M); DEPT OF ENERGY & ENVIRONMENTAL PROTECTION ($12.0M); NEW YORK STATE OFFICE OF PARKS, RECREATION AND HISTORIC PRESERVATION ($6.8M)",
15.681,0.0,0.0,0.0,0.0,0.0,0.0,0.0,0.0,0.0,,,
15.805,57643927.63,0.0,51415795.12,0.0,0.0,6228132.51,0.0,0.0,0.0,,NEVADA SYSTEM OF HIGHER EDUCATION ($3.9M); PURDUE UNIVERSITY ($3.5M); REGENTS OF THE UNIVERSITY OF MINNESOTA ($3.0M),
15.916,1532139094.3,1190023583.2300003,0.0,28076820.24,0.0,314038690.83,0.0,0.0,48944811.5,NORTH CAROLINA DEPARTMENT OF NATURAL AND CULTURAL RESOURCES,"CALIFORNIA DEPARTMENT OF PARKS & RECREATION ($220.8M); TEXAS PARKS AND WILDLIFE DEPARTMENT ($128.4M); NEW YORK STATE OFFICE OF PARKS, RECREATION AND HISTORIC PRESERVATION ($65.2M)",
15.928,61469657.47,37701472.699999996,0.0,0.0,19384615.91,4383568.86,0.0,0.0,900354.85,STATE OF NORTH CAROLINA DEPARTMENT OF CULTURAL RESOURCES,"VIRGINIA DEPARTMENT OF CONSERVATION AND RECREATION ($34.7M); NASHVILLE & DAVIDSON COUNTY, METROPOLITAN GOVERNMENT OF ($4.1M); MURFREESBORO, CITY OF ($4.0M)",
15.945,269721997.05,2764726.1300000004,203524914.7799999,427744.44,0.0,61174586.96000002,0.0,0.0,0.0,,COLORADO STATE UNIVERSITY ($27.5M); THE NATURE CONSERVANCY ($12.0M); FLORIDA INTERNATIONAL UNIVERSITY ($11.2M),
16.015,9462497.45,592307.77,299996.0,0.0,4391969.709999999,4178223.9700000007,0.0,0.0,0.0,,AUTISM SOCIETY OF AMERICA INC ($1.2M); INTERNATIONAL ASSOCIATION FOR INDIGENOUS AGING ($0.3M); NATIONAL AUTISM ASSOCIATION INC ($0.3M),
16.043,68368097.0,18561097.0,3795135.0,900000.0,35539030.0,9572835.0,0.0,0.0,0.0,,JUDICIARY COURTS OF STATE OF KANSAS ($4.5M); AMERICAN UNIVERSITY ($3.8M); ALL RISE FOR JUSTICE ($3.2M),
16.583,10109925.42,0.0,0.0,10109925.42,0.0,0.0,0.0,0.0,0.0,,"RED LAKE BAND OF CHIPPEWA INDIANS ($0.5M); SWINOMISH INDIAN TRIBAL COMMUNITY ($0.5M); ALASKA NATIVE JUSTICE CENTER, INC ($0.5M)",
16.585,326539898.52000004,59462678.47,3748460.7199999997,28415834.3,120232439.87999998,78720940.94,0.0,0.0,2946873.0,JUDICIARY COURTS OF THE STATE OF NORTH CAROLINA,ALL RISE FOR JUSTICE ($25.9M); UNIFIED COURT SYSTEM OF NEW YORK STATE ($12.1M); JUSTICE INNOVATION INC. ($10.4M),
16.596,139866634.35,0.0,6300000.0,117109004.35000001,4542243.0,11915387.0,0.0,0.0,0.0,,FOND DU LAC RESERVATION ($3.3M); CHICKALOON NATIVE VILLAGE ($3.2M); RED CLIFF BAND OF LAKE SUPERIOR CHIPPEWA INDIANS OF WISCONSIN ($3.2M),
16.710,2008121837.3,159469352.91000003,58911012.36,31580420.63,559933929.04,162958299.81,0.0,0.0,13737286.0,NORTH CAROLINA DEPARTMENT OF PUBLIC SAFETY; NORTH CAROLINA STATE BUREAU OF INVESTIGATION; STATE OF NORTH CAROLINA DEPT OF JUSTICE,TEXAS STATE UNIVERSITY ($41.0M); CITY OF MILWAUKEE ($29.0M); CITY OF CHICAGO ($25.9M),
16.731,46351315.64,0.0,375000.0,41107982.64,1050000.0,3818333.0,0.0,0.0,0.0,,TRIBAL LAW AND POLICY INSTITUTE ($8.5M); RURAL ALASKA COMMUNITY ACTION PROGRAM INC ($1.0M); RED LAKE BAND OF CHIPPEWA INDIANS ($0.9M),
17.225,13410528207.9,10952258522.72,0.0,249535483.82,0.0,2208734201.3600006,0.0,0.0,0.0,,STATE OF CALIFORNIA EMPLOYMENT DEVELOPMENT DEPARTMENT ($1815.1M); DEPARTMENT OF LABOR NEW YORK ($921.7M); TEXAS WORKFORCE COMMISSION ($802.7M),
17.277,431720165.11,290067106.45000017,67262187.91,10645023.07,-5197832.34,68943680.03000003,0.0,0.0,10877992.86,NORTH CAROLINA DEPARTMENT OF COMMERCE,FLORIDA DEPARTMENT OF COMMERCE ($55.5M); DEPARTMENT OF WORKFORCE DEVELOPMENT ($46.0M); STATE OF CALIFORNIA EMPLOYMENT DEVELOPMENT DEPARTMENT ($34.7M),
17.401,290139979.87,0.0,-1031.92,0.0,0.0,290141011.79,0.0,0.0,0.0,,INTERNATIONAL LABOR ORGANIZATION ($110.6M); AMERICAN CENTER FOR INTERNATIONAL LABOR SOLIDARITY ($55.6M); AMERICAN INSTITUTES FOR RESEARCH IN THE BEHAVIORAL SCIENCES ($27.3M),
17.805,208048963.63,1470066.42,6398.8,10678817.33,7562598.62,195647463.9800001,0.0,0.0,0.0,,VOCATIONAL REHABILITATION SPECIALISTS INC ($16.3M); VOLUNTEERS OF AMERICA OHIO & INDIANA ($9.9M); VETERANS INC ($6.1M),
19.019,246394243.55,0.0,21946412.42,0.0,0.0,224447831.13000003,0.0,0.0,0.0,,INTERNATIONAL ORGANIZATION FOR MIGRATION ($44.5M); UNITED NATIONS OFFICE ON DRUGS AND CRIME ($17.0M); INTERNATIONAL JUSTICE MISSION ($15.4M),
19.022,44517802.4,0.0,2660316.7600000002,49923.9,0.0,28974319.05999999,8060594.36,0.0,0.0,,INDIVIDUAL RECIPIENT ($8.2M); MISCELLANEOUS FOREIGN AWARDEES ($8.1M); GEORGETOWN UNIVERSITY ($1.6M),
19.025,17058301.55,0.0,1706596.87,0.0,0.0,12748380.970000003,2603323.71,0.0,0.0,,"MISCELLANEOUS FOREIGN AWARDEES ($2.6M); WORLD MONUMENTS FUND, INC. ($1.9M); THE AMERICAN CENTER OF RESEARCH, INCORPORATED ($1.6M)",
19.029,109108132.69,0.0,97900.0,18612.27,553488.5,104424927.07000001,6924915.77,0.0,0.0,,"THE HENRY M. JACKSON FOUNDATION FOR THE ADVANCEMENT OF MILITARY MEDICINE, INC. ($89.9M); MISCELLANEOUS FOREIGN AWARDEES ($6.9M); TAMRA FOR SOCIAL DEVELOPMENT ORGANIZATION (TDS) ($0.6M)",
19.040,257210709.31,0.0,18981816.92,765922.7,0.0,121256439.30999996,40952578.09,0.0,0.0,,MISCELLANEOUS FOREIGN AWARDEES ($41.0M); INDIVIDUAL RECIPIENT ($19.5M); MERIDIAN INTERNATIONAL CENTER ($4.4M),
19.124,125576512.58,0.0,5380351.3100000005,149408.0,0.0,105608436.28000002,14438317.0,0.0,0.0,,THE ASIA FOUNDATION ($82.0M); MISCELLANEOUS FOREIGN AWARDEES ($14.4M); U.S. CIVILIAN RESEARCH AND DEVELOPMENT FOUNDATION ($6.8M),
19.220,5636477.47,0.0,-11000.0,0.0,0.0,695972.59,4951504.88,0.0,0.0,,MISCELLANEOUS FOREIGN AWARDEES ($5.0M); ADRA I ANGOLA ($0.0M); TANDANA FOUNDATION INC ($0.0M),
19.225,24845180.07,0.0,-91.36,0.0,0.0,18587143.630000003,6258127.8,0.0,0.0,,MISCELLANEOUS FOREIGN AWARDEES ($6.3M); UNICEF ($5.7M); INSTITUTE FOR SECURITY STUDIES ($3.2M),
19.415,425297209.44,0.0,22738729.48,1400000.0,-33835.84,401763747.37000006,-571431.57,0.0,0.0,,"AMERICAN COUNCILS FOR INTERNATIONAL EDUCATION: ACTR/ACCELS, INC. ($167.2M); INTERNATIONAL RESEARCH AND EXCHANGES BOARD INC. ($42.2M); WORLD LEARNING INC. ($25.3M)",
19.502,0.0,0.0,0.0,0.0,0.0,0.0,0.0,0.0,0.0,,,
19.510,1587726669.74,0.0,0.0,0.0,0.0,1587726669.74,0.0,0.0,0.0,,"INTERNATIONAL RESCUE COMMITTEE, INC. ($316.1M); CHURCH WORLD SERVICE, INC. ($263.9M); LUTHERAN IMMIGRATION AND REFUGEE SERVICE INC ($223.0M)",
19.600,158491058.68,0.0,31336627.529999997,0.0,0.0,127141433.15999998,12998.0,0.0,0.0,,UNITED NATIONS DEVELOPMENT PROGRAMME ($75.2M); UNITED NATIONS OFFICE FOR PROJECT SERVICES ($8.7M); THE AMERICAN UNIVERSITY OF KURDISTAN ($8.4M),
19.705,305404301.79,0.0,12669119.24,0.0,-9307.22,292519273.69,225216.08,0.0,0.0,,NATIONAL CENTER FOR STATE COURTS ($81.9M); WILDLIFE CONSERVATION SOCIETY ($32.8M); TRAFFIC INTERNATIONAL ($17.6M),
19.900,151470737.13,0.0,13981411.920000002,394220.0,360000.0,103776852.72,20207298.17,0.0,0.0,,"AMERICAN COUNCILS FOR INTERNATIONAL EDUCATION: ACTR/ACCELS, INC. ($32.5M); MISCELLANEOUS FOREIGN AWARDEES ($20.2M); WORLD LEARNING INC. ($4.7M)",
19.989,17309344.39,0.0,499880.66000000003,0.0,0.0,15121574.73,1687889.0,0.0,0.0,,"AFRICAN LEGAL SUPPORT FACILITY ($4.9M); UNITED NATIONS EDUCATIONAL, SCIENTIFIC AND CULTURAL ORGANISATION ($2.2M); MISCELLANEOUS FOREIGN AWARDEES ($1.7M)",
20.108,1634020.0,0.0,1634020.0,0.0,0.0,0.0,0.0,0.0,0.0,,"OHIO STATE UNIVERSITY, THE ($0.9M); GEORGE MASON UNIVERSITY ($0.6M); THE UNIVERSITY OF CHICAGO ($0.3M)",
20.109,169435111.43,0.0,150327122.28000003,0.0,0.0,19107989.15,0.0,0.0,0.0,,WICHITA STATE UNIVERSITY ($29.8M); GEORGIA TECH RESEARCH CORP ($18.9M); MISSISSIPPI STATE UNIVERSITY ($16.6M),
20.200,604264812.1800001,237157861.94,55431766.63999999,1406126.25,11441033.35,298828024.0,0.0,0.0,1870216.0,TRANSPORTATION NORTH CAROLINA DEPARTMENT,"NATIONAL ACADEMY OF SCIENCES ($266.4M); UTAH DEPARTMENT OF TRANSPORTATION ($23.0M); TRANSPORTATION, DELAWARE DEPARTMENT OF ($18.8M)",
20.218,1827159563.46,1511501138.0799994,0.0,31543623.7,-453295.82999999996,284568097.5100001,0.0,0.0,58263758.71,NORTH CAROLINA DEPARTMENT OF PUBLIC SAFETY; NORTH CAROLINA STATE HIGHWAY PATROL,"TEXAS DEPARTMENT OF PUBLIC SAFETY ($195.1M); HIGHWAY PATROL, CALIFORNIA ($120.4M); FLORIDA DEPARTMENT OF HIGHWAY SAFETY AND MOTOR VEHICLES ($82.0M)",
20.614,330065357.17,115609092.04000002,9611062.55,554986.0,0.0,204290216.57,0.0,0.0,792003.89,"MOTOR VEHICLES, NORTH CAROLINA DIVISION OF","HIGHWAY PATROL, CALIFORNIA ($63.7M); AUTOMOTIVE COALITION FOR TRAFFIC SAFETY, INC. ($56.2M); GOVERNORS HIGHWAY SAFETY ASSOCIATION (GHSA) ($14.1M)",
20.765,0.0,0.0,0.0,0.0,0.0,0.0,0.0,0.0,0.0,,,
21.015,477728924.0,384251367.41999996,0.0,0.0,76661961.67000002,16815594.92,0.0,0.0,0.0,,COASTAL PROTECTION & RESTORATION AUTHORITY OF LOUISIANA ($127.9M); ALABAMA DEPARTMENT OF CONSERVATION AND NATURAL RESOURCES ($117.9M); DEPARTMENT OF ENVIRONMENTAL QUALITY MISSISSIPPI ($103.2M),
43.001,3927116561.76,0.0,2890276513.0599985,0.0,0.0,800101253.4799998,0.0,0.0,70019.0,FRIENDS OF THE NORTH CAROLINA STATE MUSEUM OF NATURAL SCIENCES,"UNIVERSITY OF MARYLAND, COLLEGE PARK ($186.3M); THE REGENTS OF THE UNIVERSITY OF COLORADO ($146.4M); THE JOHNS HOPKINS UNIVERSITY ($138.3M)",
43.008,399805149.92,0.0,347230757.8199998,2410898.45,839921.0,49476836.95000001,0.0,0.0,0.0,,UNIVERSITIES SPACE RESEARCH ASSOCIATION ($11.6M); THE UNIVERSITY OF ALABAMA IN HUNTSVILLE ($9.4M); UNIVERSITY OF ALASKA FAIRBANKS ($9.3M),
43.012,259178389.42000002,0.0,207104818.59999993,0.0,763180.07,51795841.53000001,0.0,0.0,0.0,,GEORGIA TECH RESEARCH CORP ($22.7M); THE REGENTS OF THE UNIVERSITY OF COLORADO ($19.3M); UNIVERSITY OF TEXAS AT AUSTIN ($17.7M),
45.037,0.0,0.0,0.0,0.0,0.0,0.0,0.0,0.0,0.0,,,
45.201,0.0,0.0,0.0,0.0,0.0,0.0,0.0,0.0,0.0,,,
47.041,3232868977.0,0.0,2788913637.0,0.0,0.0,193471652.0,0.0,0.0,0.0,,PURDUE UNIVERSITY ($81.2M); REGENTS OF THE UNIVERSITY OF MICHIGAN ($81.1M); GEORGIA TECH RESEARCH CORP ($80.6M),
47.049,6727369096.0,0.0,5005763263.0,0.0,0.0,1316835947.0,71509669.0,0.0,0.0,,"ASSOCIATION OF UNIVERSITIES FOR RESEARCH IN ASTRONOMY, INC. ($574.0M); ASSOCIATED UNIVERSITIES INC ($531.2M); CALIFORNIA INSTITUTE OF TECHNOLOGY ($254.7M)",
47.050,4267308537.0,0.0,3152349973.0,0.0,0.0,938761319.0,14427929.0,0.0,0.0,,UNIVERSITY CORPORATION FOR ATMOSPHERIC RESEARCH ($587.8M); WOODS HOLE OCEANOGRAPHIC INSTITUTION ($497.0M); TEXAS A & M RESEARCH FOUNDATION ($228.6M),
47.070,4179713004.0,0.0,3693008871.0,5844001.0,3996174.0,293157321.0,0.0,0.0,0.0,,"UNIVERSITY OF TEXAS AT AUSTIN ($331.4M); UNIVERSITY OF CALIFORNIA, SAN DIEGO ($169.2M); UNIVERSITY OF ILLINOIS ($164.0M)",
47.074,3345592896.0,0.0,2465298076.0,0.0,6112845.0,489212404.0,64002226.0,0.0,694321.0,FRIENDS OF THE NORTH CAROLINA STATE MUSEUM OF NATURAL SCIENCES,BATTELLE MEMORIAL INSTITUTE ($316.2M); ARIZONA STATE UNIVERSITY ($95.2M); CORNELL UNIVERSITY ($67.2M),
47.075,843974005.0,0.0,705744304.0,0.0,0.0,76586867.0,10961722.0,0.0,0.0,,REGENTS OF THE UNIVERSITY OF MICHIGAN ($99.6M); NATIONAL BUREAU OF ECONOMIC RESEARCH INC ($29.0M); NATIONAL OPINION RESEARCH CENTER ($18.9M),
47.076,5482502686.0,0.0,3766900369.0,0.0,0.0,293745388.0,0.0,0.0,0.0,,"MASSACHUSETTS INSTITUTE OF TECHNOLOGY ($106.0M); REGENTS OF THE UNIVERSITY OF CALIFORNIA, THE ($105.6M); THE LELAND STANFORD JUNIOR UNIVERSITY ($103.6M)",
47.079,312011393.0,0.0,191595754.0,0.0,0.0,120585433.0,0.0,0.0,0.0,,INTERNAT HUMAN FRONTIER SCIENCE PROGRAMM ($44.8M); U.S. CIVILIAN RESEARCH AND DEVELOPMENT FOUNDATION ($40.9M); UNIVERSITY OF ILLINOIS ($15.9M),
47.083,1777229823.0,33153443.0,1509953770.0,0.0,0.0,103300574.0,0.0,0.0,0.0,,REGENTS OF THE UNIVERSITY OF IDAHO ($45.6M); IOWA STATE UNIVERSITY OF SCIENCE AND TECHNOLOGY ($39.2M); UNIVERSITY OF OKLAHOMA ($38.8M),
47.084,2244129266.0,0.0,991864280.0,0.0,0.0,294625189.0,0.0,0.0,0.0,,ARIZONA STATE UNIVERSITY ($44.7M); ACTIVATE GLOBAL INC ($39.0M); MASSACHUSETTS INSTITUTE OF TECHNOLOGY ($30.7M),
64.005,645123484.39,365936878.95000017,0.0,0.0,0.0,279186605.44,0.0,0.0,-290494.03,"VETERANS AFFAIRS, NORTH CAROLINA DIVISION OF",VETERANS' HOME IN HOLYOKE ($215.3M); ILLINOIS DEPARTMENT OF VETERANS' AFFAIRS ($194.6M); DEPARTMENT OF VETERANS AFFAIRS MINNESOTA ($60.0M),
64.024,737706014.71,29155513.349999998,0.0,28706535.96,24632916.08,611428491.98,0.0,0.0,0.0,,"VOLUNTEERS OF AMERICA OF FLORIDA INC ($20.0M); AMERICAN G.I. FORUM, NATIONAL VETERANS OUTREACH PROGRAM, INCORPORATED ($17.3M); THE SALVATION ARMY ($16.7M)",
64.204,8565549.57,0.0,5693959.85,0.0,0.0,2871589.72,0.0,0.0,0.0,,LOYOLA MARYMOUNT UNIVERSITY ($1.4M); THE UNIVERSITY OF CENTRAL FLORIDA BOARD OF TRUSTEES ($1.0M); GILDER LEHRMAN INSTITUTE OF AMERICAN HISTORY ($1.0M),
66.460,463034470.0,404537093.0,0.0,22898293.0,0.0,35599084.0,0.0,0.0,11652900.0,NORTH CAROLINA DEPARTMENT OF ENVIRONMENTAL QUALITY,STATE OF CALIFORNIA WATER RESOURCES CONTROL BOARD ($35.3M); ILLINOIS ENVIRONMENTAL PROTECTION AGENCY ($20.5M); THE STATE OF OHIO OFFICE OF BUDGET AND MANAGEMENT ($20.1M),
66.965,20380284.0,0.0,0.0,7714541.0,0.0,12665743.0,0.0,0.0,0.0,,OUNALASHKA CORPORATION ($6.0M); THE TYONEK NATIVE CORPORATION ($3.0M); YUKON RIVER INTER-TRIBAL WATERSHED COUNC ($3.0M),
81.049,6296806365.65,136505653.16,4322378373.770001,0.0,0.0,888488577.74,0.0,0.0,0.0,,MICHIGAN STATE UNIVERSITY ($501.9M); GENERAL ATOMICS ($407.1M); UNIVERSITY OF WISCONSIN SYSTEM ($228.5M),
81.089,2772574956.6400003,317814520.0,943182116.53,53040000.0,47856740.0,1407261007.1600006,0.0,0.0,0.0,,COLORADO STATE UNIVERSITY ($334.3M); INSTITUTE OF GAS TECHNOLOGY ($257.5M); TEXAS COMMISSION ON ENVIRONMENTAL QUALITY ($134.2M),
81.117,1113543856.91,286776592.06000006,113157797.72999999,90932430.0,205846133.52,417554138.5799999,0.0,0.0,0.0,,STATE OF INDIANA ($90.8M); COLORADO ENERGY OFFICE ($37.2M); STATE OF CALIFORNIA ENERGY COMMISSION ($37.1M),
81.121,2771866728.87,124615.0,189207390.67999995,0.0,0.0,2582534723.1900005,0.0,0.0,0.0,,"X ENERGY, LLC ($844.7M); US SFR OWNER LLC ($837.3M); CFPP LLC ($191.9M)",
81.135,1167095926.5900002,0.0,450386895.27999985,0.0,0.0,678370952.1000003,0.0,0.0,0.0,,BWXT ADVANCED TECHNOLOGIES LLC ($30.9M); MASSACHUSETTS INSTITUTE OF TECHNOLOGY ($24.9M); GENERAL ELECTRIC COMPANY ($24.6M),
84.305,640975752.57,4334271.02,423656139.1099998,0.0,0.0,212985342.42999998,0.0,0.0,1167478.0,NORTH CAROLINA DEPARTMENT OF PUBLIC INSTRUCTION,AMERICAN INSTITUTES FOR RESEARCH IN THE BEHAVIORAL SCIENCES ($49.8M); WESTED ($34.7M); MDRC ($19.7M),
84.324,246976803.10999998,0.0,222147576.16999996,0.0,0.0,24829226.94,0.0,0.0,0.0,,UNIVERSITY OF KANSAS CENTER FOR RESEARCH INC ($27.1M); UNIVERSITY OF OREGON ($14.9M); UNIVERSITY OF TEXAS AT AUSTIN ($14.6M),
85.002,2551221184.75,0.0,1912490.73,0.0,0.0,23737545.179999992,2525571148.84,0.0,0.0,,"REDACTED DUE TO PII ($2296.4M); MISCELLANEOUS FOREIGN AWARDEES ($229.2M); AMERICAN COUNCILS FOR INTERNATIONAL EDUCATION: ACTR/ACCELS, INC. ($16.6M)",
93.00E,0.0,0.0,0.0,0.0,0.0,0.0,0.0,0.0,0.0,,,not a standard assistance listing number
93.00F,0.0,0.0,0.0,0.0,0.0,0.0,0.0,0.0,0.0,,,not a standard assistance listing number
93.00G,0.0,0.0,0.0,0.0,0.0,0.0,0.0,0.0,0.0,,,not a standard assistance listing number
93.00K,0.0,0.0,0.0,0.0,0.0,0.0,0.0,0.0,0.0,,,not a standard assistance listing number
93.061,2146668.69,0.0,1480719.78,0.0,0.0,665948.9099999999,0.0,0.0,0.0,,PRESIDENT AND FELLOWS OF HARVARD COLLEGE ($1.0M); REGENTS OF THE UNIVERSITY OF MICHIGAN ($0.5M); FIREBIRD BIOMOLECULAR SCIENCES LLC ($0.5M),
93.067,6125800176.42,0.0,1351760352.9700003,0.0,34101740.629999995,4710240527.739999,0.0,0.0,0.0,,THE TRUSTEES OF COLUMBIA UNIVERSITY IN THE CITY OF NEW YORK ($569.4M); ELIZABETH GLASER PEDIATRIC AIDS FOUNDATION ($305.5M); MANAGEMENT AND DEVELOPMENT FOR HEALTH ($217.2M),
93.068,48266290.91,-4525280.369999999,17585763.11,9498998.0,-25630.98,25732441.15,0.0,-1034589.0,-1034589.0,NORTH CAROLINA DEPARTMENT OF HEALTH & HUMAN SERVICES,"NEW YORK UNIVERSITY ($3.8M); AMERICAN COLLEGE OF RHEUMATOLOGY, INC ($3.4M); LUPUS FOUNDATION OF AMERICA INC. ($3.4M)",
93.070,150129643.88,99907980.53999998,15834229.68,1797174.94,4985782.03,27604476.689999998,0.0,4541477.05,4541477.05,NORTH CAROLINA DEPARTMENT OF HEALTH & HUMAN SERVICES,MICHIGAN DEPARTMENT OF HEALTH AND HUMAN SERVICES ($8.3M); MINNESOTA DEPARTMENT OF HEALTH ($5.2M); AMERICA'S POISON CENTERS ($4.6M),
93.073,69646456.33,15137819.11,31060032.0,0.0,503994.0,22944611.22,0.0,662000.0,662000.0,NORTH CAROLINA DEPARTMENT OF HEALTH & HUMAN SERVICES,THE JOHNS HOPKINS UNIVERSITY ($4.5M); UNIVERSITY OF NORTH CAROLINA AT CHAPEL HILL ($3.4M); AMERICAN ACADEMY OF PEDIATRICS ($2.8M),
93.077,240231164.66,0.0,213112805.24,0.0,0.0,27118359.419999998,0.0,0.0,0.0,,"YALE UNIV ($22.2M); UNIVERSITY OF SOUTHERN CALIFORNIA ($18.4M); OHIO STATE UNIVERSITY, THE ($18.1M)",
93.078,31318700.83,5016414.149999999,9809866.0,0.0,3216128.0,13276292.68,0.0,0.0,0.0,NORTH CAROLINA DEPARTMENT OF HEALTH & HUMAN SERVICES,"THE ASSOCIATION OF STATE AND TERRITORIAL HEALTH OFFICIALS ($5.2M); PUBLIC HEALTH, CALIFORNIA DEPARTMENT OF ($5.0M); HEALTH INDUSTRY DISTRIBUTORS ASSOCIATION ($2.8M)",
93.083,31861532.37,1436368.0,-581855.12,0.0,0.0,31007019.49,0.0,0.0,0.0,,"COUNCIL OF MEDICAL SPECIA ($18.4M); POST-ACUTE AND LONG-TERM CARE MEDICAL ASSOCIATION, INC. ($5.5M); NATIONAL HEALTH LABORATORY SERVICE ($2.0M)",
93.084,197776915.45999998,46230623.0,98936196.91,495417.0,1653463.0,50461215.55,0.0,35000.0,35000.0,NORTH CAROLINA DEPARTMENT OF HEALTH & HUMAN SERVICES,"PUERTO RICO SCIENCE, TECHNOLOGY, AND RESEARCH TRUST ($14.5M); PUBLIC HEALTH, MASSACHUSETTS DEPARTMENT OF ($11.6M); EMORY UNIVERSITY ($10.1M)",
93.085,1514236.67,0.0,1394902.73,0.0,0.0,119333.93999999999,0.0,0.0,0.0,,UNIVERSITY OF ILLINOIS ($0.6M); REGENTS OF THE UNIVERSITY OF MICHIGAN ($0.3M); THE PENNSYLVANIA STATE UNIVERSITY ($0.3M),
93.088,44671569.22,8111401.71,14420192.1,1200000.0,2900493.5,18039481.92,0.0,0.0,0.0,,JSI RESEARCH & TRAINING INSTITUTE INC ($7.2M); VIRGINIA COMMONWEALTH UNIVERSITY ($3.2M); PACIFIC INSTITUTE FOR RESEARCH & EVALUATION ($2.3M),
93.103,978131651.19,204231952.81000003,317394711.29,6344842.82,13208169.0,393879205.75999993,0.0,0.0,6880186.38,NORTH CAROLINA DEPARTMENT OF AGRICULTURE & CONSUMER SERVICES,THE CRITICAL PATH INSTITUTE ($79.1M); NATIONAL ENVIRONMENTAL HEALTH ASSOCIATION ($44.4M); THE MEDICAL DEVICE INNOVATION CONSORTIUM ($42.6M),
93.110,1164006561.72,318147766.46,360081155.95,18944098.18,17261226.42,353277865.66999996,0.0,13147007.87,13147007.87,NORTH CAROLINA DEPARTMENT OF HEALTH & HUMAN SERVICES,"ZERO TO THREE NATIONAL CENTER FOR INFANTS, TODDLERS & FAMILIES ($44.8M); UNIVERSITY HOSPITALS CLEVELAND MEDICAL CENTER ($41.8M); CHILDREN'S NATIONAL MEDICAL CENTER ($37.2M)",
93.113,1715114949.74,0.0,1435295386.189999,1144693.0,7190860.0,201053474.33,0.0,0.0,0.0,,ICAHN SCHOOL OF MEDICINE AT MOUNT SINAI ($73.2M); THE TRUSTEES OF COLUMBIA UNIVERSITY IN THE CITY OF NEW YORK ($64.4M); UNIVERSITY OF NORTH CAROLINA AT CHAPEL HILL ($57.1M),
93.121,1503475567.17,0.0,1230618528.0399997,812963.07,900368.0,248958665.48999998,0.0,0.0,0.0,,"REGENTS OF THE UNIVERSITY OF MICHIGAN ($71.4M); REGENTS OF THE UNIVERSITY OF CALIFORNIA, SAN FRANCISCO, THE ($64.3M); UNIVERSITY OF SOUTHERN CALIFORNIA ($62.6M)",
93.129,310544194.28999996,10421148.230000002,5619382.79,4430361.7,4116634.0,285956667.57000005,0.0,0.0,0.0,,"CALIFORNIA PRIMARY CARE ASSOCIATION ($13.9M); NATIONAL ASSOCIATION OF COMMUNITY HEALTH CENTERS, INC. ($13.2M); TEXAS ASSOCIATION OF COMMUNITY HEALTH CENTERS, INC. ($7.7M)",
93.135,89256425.91,3000006.0,76572160.97000001,0.0,0.0,9684258.94,0.0,333334.0,333334.0,NORTH CAROLINA DEPARTMENT OF HEALTH & HUMAN SERVICES,EMORY UNIVERSITY ($5.7M); REGENTS OF THE UNIVERSITY OF MICHIGAN ($5.4M); NEW YORK UNIVERSITY ($5.0M),
93.136,1798553133.5900002,976733317.1399999,191223876.62,49049669.74,227249891.57,306696129.96999997,0.0,33736379.83,33751379.83,NORTH CAROLINA DEPARTMENT OF HEALTH & HUMAN SERVICES; NORTH CAROLINA DEPARTMENT OF PUBLIC INSTRUCTION,"FLORIDA DEPARTMENT OF HEALTH ($64.7M); PUBLIC HEALTH, CALIFORNIA DEPARTMENT OF ($45.6M); NATIONAL FOUNDATION FOR THE CENTERS FOR DISEASE CONTROL & PREVENTION, INC. ($34.5M)",
93.137,134907949.66,3554242.11,60723991.52,3571067.9699999997,16381201.440000001,84105657.35,0.0,0.0,0.0,,"THE MOREHOUSE SCHOOL OF MEDICINE, INC. ($13.4M); AMERICAN HEART ASSOCIATION, INC. ($12.2M); UNIVERSITY OF HAWAII ($7.0M)",
93.142,147255502.82,0.0,40237550.2,0.0,0.0,107017952.62,0.0,0.0,0.0,,CPWR: THE CENTER FOR CONSTRUCTION RESEARCH AND TRAINING ($25.1M); STEELWORKERS CHARITABLE & EDUCATIONAL ORGANIZATION ($17.6M); INTERNATIONAL BROTHERHOOD OF TEAMSTERS ($11.8M),
93.143,199585200.79,0.0,190326587.94999993,0.0,0.0,9258612.84,0.0,0.0,0.0,,OREGON STATE UNIVERSITY ($11.5M); UNIVERSITY OF LOUISVILLE ($10.8M); THE UNIVERSITY OF IOWA ($10.3M),
93.145,530419309.90999997,8326035.12,196343822.7,0.0,29911511.01,195427671.41000003,0.0,0.0,0.0,,"REGENTS OF THE UNIVERSITY OF CALIFORNIA, SAN FRANCISCO, THE ($24.4M); VANDERBILT UNIVERSITY MEDICAL CENTER ($19.2M); THE TRUSTEES OF COLUMBIA UNIVERSITY IN THE CITY OF NEW YORK ($18.2M)",
93.153,260509812.51,17804734.8,97407533.80999999,0.0,29753908.410000004,115543635.49000002,0.0,0.0,0.0,,"HEALTH, NEW JERSEY DEPARTMENT OF ($8.1M); UNIVERSITY OF MIAMI ($7.0M); MONTEFIORE MEDICAL CENTER ($6.5M)",
93.157,100499053.78,0.0,100459053.77999999,0.0,0.0,40000.0,0.0,0.0,0.0,,MEHARRY MEDICAL COLLEGE ($23.3M); TUSKEGEE UNIVERSITY ($11.8M); XAVIER UNIVERSITY OF LOUISIANA ($11.6M),
93.172,1744531538.97,0.0,1235774918.2100003,1175890.0,1503596.0,492556536.87,0.0,0.0,0.0,,"THE LELAND STANFORD JUNIOR UNIVERSITY ($118.8M); UNIVERSITY OF WASHINGTON ($97.7M); THE BROAD INSTITUTE, INC ($94.8M)",
93.173,1663121320.76,0.0,1359375084.86,0.0,0.0,270923269.94,0.0,0.0,0.0,,THE JOHNS HOPKINS UNIVERSITY ($66.5M); MASSACHUSETTS EYE AND EAR INFIRMARY ($63.7M); THE UNIVERSITY OF IOWA ($40.8M),
93.185,630931490.09,180276159.0,107710979.88000001,10364061.0,14405192.0,318175098.20999986,0.0,433300.0,433300.0,NORTH CAROLINA DEPARTMENT OF HEALTH & HUMAN SERVICES,"UNICEF ($63.2M); NATIONAL FOUNDATION FOR THE CENTERS FOR DISEASE CONTROL & PREVENTION, INC. ($49.0M); COMMUNITY CATALYST INC ($23.8M)",
93.193,44766538.93,0.0,-8570.13,35663967.06,0.0,9111142.0,0.0,0.0,0.0,,"NATIONAL COUNCIL OF URBAN INDIAN HEALTH ($6.5M); SEATTLE INDIAN HEALTH BOARD ($2.8M); INDIAN HEALTH BOARD OF MINNEAPOLIS, INC. ($2.5M)",
93.213,465483989.4,0.0,345571281.5300001,0.0,0.0,121084127.74999997,0.0,0.0,0.0,,YALE UNIV ($22.6M); THE GENERAL HOSPITAL CORPORATION ($17.0M); DUKE UNIVERSITY ($15.9M),
93.217,522994292.9,218092501.43,6571035.72,16985571.0,4598531.93,276746652.8,0.0,14678412.09,14678412.09,NORTH CAROLINA DEPARTMENT OF HEALTH & HUMAN SERVICES,ESSENTIAL ACCESS HEALTH ($33.5M); WOMENS HEALTH & FAMILY PLANNING ASSOCIATION OF TEXAS ($31.6M); NYS DEPARTMENT OF HEALTH ($24.3M),
93.224,13569529178.64,0.0,0.0,39983416.69,184853942.29,4420764918.75,0.0,9906240.86,9906240.86,NORTH CAROLINA DEPARTMENT OF HEALTH & HUMAN SERVICES,"CLINICA SIERRA VISTA ($52.4M); FAMILY HEALTH CENTERS OF SAN DIEGO INC ($51.8M); SUN RIVER HEALTH, INC. ($50.2M)",
93.228,74693933.93,0.0,0.0,63338106.93000004,4700000.0,6655827.0,0.0,0.0,0.0,,NORTHWEST PORTLAND AREA INDIAN HEALTH BOARD ($6.5M); SOUTHERN PLAINS TRIBAL HEALTH BOARD FOUNDATION ($5.6M); GREAT PLAINS TRIBAL LEADERS HEALTH BOARD ($5.6M),
93.231,164886552.88,0.0,0.0,150742722.88,800000.0,13343830.0,0.0,0.0,0.0,,GREAT PLAINS TRIBAL LEADERS HEALTH BOARD ($9.5M); ALASKA NATIVE TRIBAL HEALTH CONSORTIUM ($7.6M); SOUTHERN PLAINS TRIBAL HEALTH BOARD FOUNDATION ($7.6M),
93.233,0.0,0.0,0.0,0.0,0.0,0.0,0.0,0.0,0.0,,,
93.242,7107924163.190001,0.0,5396186256.740001,0.0,0.0,1251736935.5299997,0.0,0.0,0.0,,"YALE UNIV ($308.6M); UNIVERSITY OF PITTSBURGH - OF THE COMMONWEALTH SYSTEM OF HIGHER EDUCATION ($244.2M); UNIVERSITY OF CALIFORNIA, LOS ANGELES ($186.0M)",
93.255,1460629787.0,6464494.0,38517702.0,0.0,12581188.0,1403066403.0,0.0,0.0,0.0,,"THE CHILDREN'S HOSPITAL OF PHILADELPHIA ($108.5M); CHILDREN'S HOSPITAL CORPORATION, THE ($93.5M); CHILDREN'S NATIONAL MEDICAL CENTER ($64.7M)",
93.257,6463945.52,0.0,1718899.5,893610.0,876958.0,2974478.02,0.0,0.0,0.0,,INDIAN HEALTH SERVICE ($0.9M); UNIVERSITY OF NEW MEXICO ($0.9M); IHC HEALTH SERVICES INC ($0.9M),
93.260,514157440.78999996,222350743.65,11640511.9,13819890.0,3266352.0,263079943.24,0.0,14866775.0,14866775.0,NORTH CAROLINA DEPARTMENT OF HEALTH & HUMAN SERVICES,ESSENTIAL ACCESS HEALTH ($30.1M); WOMENS HEALTH & FAMILY PLANNING ASSOCIATION OF TEXAS ($29.8M); NYS DEPARTMENT OF HEALTH ($22.9M),
93.262,467451525.40999997,14787640.309999997,351493913.23000026,0.0,31578874.61,69536097.25999999,55000.0,578513.52,578513.52,NORTH CAROLINA DEPARTMENT OF HEALTH & HUMAN SERVICES,CITY OF NEW YORK ($31.6M); CPWR: THE CENTER FOR CONSTRUCTION RESEARCH AND TRAINING ($21.4M); THE UNIVERSITY OF IOWA ($19.2M),
93.270,105476311.88,69566520.52000001,1122335.85,1096961.51,12650182.47,21040311.53,0.0,1003727.08,1003727.08,NORTH CAROLINA DEPARTMENT OF HEALTH & HUMAN SERVICES,NATIONAL ALLIANCE OF STATE & TERRITORIAL AIDS DIRECTORS ($13.9M); COLORADO DEPARTMENT OF PUBLIC HEALTH & ENVIRONMENT ($3.0M); COUNTY OF LOS ANGELES ($2.8M),
93.273,1782147881.62,0.0,1457708084.539999,0.0,0.0,277980232.19,0.0,0.0,0.0,,YALE UNIV ($71.9M); UNIVERSITY OF NORTH CAROLINA AT CHAPEL HILL ($48.6M); TRUSTEES OF INDIANA UNIVERSITY ($45.7M),
93.276,364195958.48,500000.0,1749321.0,2348509.5,39344547.62,69813765.28,0.0,0.0,0.0,,"GRAHAM COUNTY SUBSTANCE ABUSE COALITION ($0.8M); PREVENTION RESOURCES, INC. ($0.7M); MOSAIC COMMUNITY SERVICES, INC ($0.7M)",
93.279,5976314704.01,0.0,4356075983.7,0.0,0.0,1038203679.6999999,0.0,0.0,0.0,,"YALE UNIV ($242.7M); THE JOHNS HOPKINS UNIVERSITY ($216.1M); UNIVERSITY OF CALIFORNIA, SAN DIEGO ($210.2M)",
93.286,1401493106.31,0.0,1086577991.9200008,0.0,0.0,279965881.34999996,0.0,0.0,0.0,,THE GENERAL HOSPITAL CORPORATION ($72.2M); THE JOHNS HOPKINS UNIVERSITY ($67.8M); THE LELAND STANFORD JUNIOR UNIVERSITY ($42.0M),
93.297,351631509.2,10410940.459999999,51935309.93,8255077.29,37040240.95,243989940.57000008,0.0,-327549.91,-327549.91,NORTH CAROLINA DEPARTMENT OF HEALTH & HUMAN SERVICES,"EDUCATION TRAINING & RESEARCH ASSOCIATES ($13.4M); CHILD TRENDS, INCORPORATED ($10.5M); POLICY AND RESEARCH L.L.C. ($10.1M)",
93.300,23282834.46,0.0,21508712.390000004,0.0,0.0,1774122.07,0.0,0.0,0.0,,REGENTS OF THE UNIVERSITY OF MINNESOTA ($4.3M); UNIVERSITY OF WASHINGTON ($4.0M); UNIVERSITY OF NORTH CAROLINA AT CHAPEL HILL ($3.5M),
93.307,1704951635.84,0.0,1454818367.4300005,1904412.3599999999,0.0,214651475.74999997,0.0,0.0,0.0,,THE JOHNS HOPKINS UNIVERSITY ($58.5M); THE TRUSTEES OF COLUMBIA UNIVERSITY IN THE CITY OF NEW YORK ($51.8M); UNIVERSITY OF HAWAII ($43.0M),
93.310,4621186637.45,0.0,3411866036.6800003,0.0,3057218.0,973117064.68,0.0,0.0,0.0,,THE LELAND STANFORD JUNIOR UNIVERSITY ($131.6M); DUKE UNIVERSITY ($131.5M); YALE UNIV ($124.9M),
93.313,0.0,0.0,0.0,0.0,0.0,0.0,0.0,0.0,0.0,,,
93.317,454046488.84,328178810.44000006,8584073.0,3600383.0,8200154.0,105483068.4,0.0,5567517.0,5567517.0,NORTH CAROLINA DEPARTMENT OF HEALTH & HUMAN SERVICES,"STATE OF GEORGIA DEPARTMENT OF PUBLIC HEALTH ($28.5M); MINNESOTA DEPARTMENT OF HEALTH ($27.6M); HEALTH RESEARCH, INC. ($26.3M)",
93.318,800719163.77,0.0,120532829.8,6970522.0,13803314.0,664832940.8499999,0.0,0.0,0.0,,"WORLD HEALTH ORGANIZATION ($88.4M); THE TASK FORCE FOR GLOBAL HEALTH, INC. ($83.2M); AFRICAN FIELD EPIDEMIOLOGY NETWORK LTD ($79.4M)",
93.326,312173177.33,153264126.0,47222892.0,3960819.0,6631440.0,101093900.33000001,0.0,3022503.0,3022503.0,NORTH CAROLINA DEPARTMENT OF HEALTH & HUMAN SERVICES,"ASSOCIATION OF PUBLIC HEALTH LABORATORIES, INC. (THE) ($19.6M); WASHINGTON STATE UNIVERSITY ($16.6M); PUBLIC HEALTH, CALIFORNIA DEPARTMENT OF ($10.3M)",
93.345,7834272.53,-10204.24,1964790.92,0.0,0.0,5879685.850000001,0.0,0.0,0.0,,"CHILDREN'S HOSPITAL CORPORATION, THE ($1.0M); HEALTHELINK, INC. ($1.0M); ALLIANCECHICAGO ($1.0M)",
93.350,2413260512.71,0.0,2177769794.8499985,0.0,0.0,234321018.16000003,0.0,0.0,0.0,,VANDERBILT UNIVERSITY MEDICAL CENTER ($81.9M); UNIVERSITY OF PITTSBURGH - OF THE COMMONWEALTH SYSTEM OF HIGHER EDUCATION ($79.6M); UNIVERSITY OF NORTH CAROLINA AT CHAPEL HILL ($60.0M),
93.351,1118184048.6399999,0.0,854422162.4500003,0.0,0.0,252743423.24999994,0.0,0.0,0.0,,"UNIVERSITY OF CALIFORNIA, DAVIS ($82.0M); OREGON HEALTH & SCIENCE UNIVERSITY ($72.4M); UNIVERSITY OF WASHINGTON ($63.7M)",
93.352,299632296.9,0.0,245433548.9,0.0,0.0,54198748.0,0.0,0.0,0.0,,"UNIVERSITY OF KANSAS MEDICAL CENTER RESEARCH INSTITUTE, INC. ($8.0M); WEILL MEDICAL COLLEGE OF CORNELL UNIVERSITY ($8.0M); WAYNE STATE UNIVERSITY ($8.0M)",
93.354,-4366777162.57,0.0,0.0,0.0,0.0,0.0,0.0,0.0,0.0,,,
93.361,590238918.6800001,0.0,486961794.9500001,1368806.0,220362.99,104562810.22,0.0,0.0,0.0,,"TRUSTEES OF THE UNIVERSITY OF PENNSYLVANIA, THE ($33.2M); THE JOHNS HOPKINS UNIVERSITY ($26.0M); THE TRUSTEES OF COLUMBIA UNIVERSITY IN THE CITY OF NEW YORK ($25.0M)",
93.368,88878193.19,0.0,7242050.62,0.0,0.0,81636142.57,0.0,0.0,0.0,,MAYO CLINIC ($69.2M); SCRIPPS RESEARCH INSTITUTE ($10.7M); BRIGHAM & WOMENS HOSPITAL INC ($1.3M),
93.372,432028762.64,0.0,346559561.30999994,0.0,0.0,85220420.31999998,248781.0,0.0,0.0,,THE LELAND STANFORD JUNIOR UNIVERSITY ($24.2M); ALLEN INSTITUTE ($21.3M); PRESIDENT AND FELLOWS OF HARVARD COLLEGE ($20.9M),
93.383,2100000.0,0.0,0.0,1500000.0,300000.0,300000.0,0.0,0.0,0.0,,"GREAT PLAINS TRIBAL LEADERS HEALTH BOARD ($0.3M); CENTRAL OKLAHOMA AMERICAN INDIAN HEALTH COUNCIL, INC. ($0.3M); ROSEBUD SIOUX TRIBE ($0.3M)",
93.393,2959662870.7,0.0,2008583928.6299999,5932664.0,25447703.72,873114092.6299998,0.0,0.0,0.0,,THE UNIVERISTY OF TEXAS M.D. ANDERSON CANCER CENTER ($89.6M); SLOAN-KETTERING INSTITUTE FOR CANCER RESEARCH ($81.9M); FRED HUTCHINSON CANCER CENTER ($73.6M),
93.394,2210353701.25,0.0,1345944191.9999993,0.0,17057231.69,718168494.6399997,0.0,0.0,0.0,,"REGENTS OF THE UNIVERSITY OF CALIFORNIA, SAN FRANCISCO, THE ($91.2M); FRED HUTCHINSON CANCER CENTER ($89.9M); SLOAN-KETTERING INSTITUTE FOR CANCER RESEARCH ($76.5M)",
93.395,4568620330.34,0.0,2629279955.890001,0.0,68247624.65,1552601081.4500003,0.0,0.0,0.0,,"THE UNIVERISTY OF TEXAS M.D. ANDERSON CANCER CENTER ($157.0M); ICAHN SCHOOL OF MEDICINE AT MOUNT SINAI ($154.8M); DANA-FARBER CANCER INSTITUTE, INC. ($149.6M)",
93.396,3503148590.37,0.0,2384460684.6399975,0.0,49506785.58,1013562172.06,0.0,0.0,0.0,,THE TRUSTEES OF COLUMBIA UNIVERSITY IN THE CITY OF NEW YORK ($129.4M); SLOAN-KETTERING INSTITUTE FOR CANCER RESEARCH ($115.4M); THE UNIVERISTY OF TEXAS M.D. ANDERSON CANCER CENTER ($112.5M),
93.397,2324908872.2799997,0.0,1628356035.28,230556.57,24119520.67,672202759.7700001,0.0,0.0,0.0,,"SLOAN-KETTERING INSTITUTE FOR CANCER RESEARCH ($117.0M); THE UNIVERISTY OF TEXAS M.D. ANDERSON CANCER CENTER ($104.3M); DANA-FARBER CANCER INSTITUTE, INC. ($102.7M)",
93.398,846269561.51,0.0,607322565.2500002,0.0,9592638.66,231198380.13000003,0.0,0.0,0.0,,SLOAN-KETTERING INSTITUTE FOR CANCER RESEARCH ($43.7M); THE GENERAL HOSPITAL CORPORATION ($30.6M); THE UNIVERISTY OF TEXAS M.D. ANDERSON CANCER CENTER ($29.7M),
93.399,668985392.35,0.0,291600192.2199999,0.0,1264793.0,376120407.13000005,0.0,0.0,0.0,,"ECOG-ACRIN MEDICAL RESEARCH FOUNDATION, INC. ($80.5M); NRG ONCOLOGY FOUNDATION INC ($47.0M); ALLIANCE NCTN FOUNDATION ($40.7M)",
93.434,1194273824.21,978883629.9099998,63583458.11,42000000.0,0.0,109806736.19000001,0.0,36274500.0,36274500.0,NORTH CAROLINA DEPARTMENT OF HEALTH & HUMAN SERVICES,COMMONWEALTH OF PENNSYLVANIA DEPARTMENT OF EDUCATION ($48.0M); TEXAS WORKFORCE COMMISSION ($48.0M); OHIO DEPARTMENT OF JOB & FAMILY SERVICES ($48.0M),
93.444,1877293.63,0.0,0.0,1697293.6300000001,0.0,180000.0,0.0,0.0,0.0,,NORTHERN ARAPAHO TRIBE ($0.2M); TONKAWA TRIBE ($0.2M); MICCOSUKEE CORPORATION ($0.2M),
93.467,0.0,0.0,0.0,0.0,0.0,0.0,0.0,0.0,0.0,,,
93.468,0.0,0.0,0.0,0.0,0.0,0.0,0.0,0.0,0.0,,,
93.473,0.0,0.0,0.0,0.0,0.0,0.0,0.0,0.0,0.0,,,
93.476,0.0,0.0,0.0,0.0,0.0,0.0,0.0,0.0,0.0,,,
93.488,31282283.0,600000.0,708000.0,0.0,500344.0,29473939.0,0.0,0.0,0.0,,NATIONAL ALLIANCE OF STATE & TERRITORIAL AIDS DIRECTORS ($25.7M); RESEARCH TRIANGLE INSTITUTE ($2.8M); NATIONAL HARM REDUCTION COALITION ($0.7M),
93.504,21291947.1,878612.14,2835737.19,1193688.0,0.0,16383909.77,0.0,0.0,0.0,,INDIANA FAMILY TO FAMILY INC ($0.5M); PARENT INFORMATION CENTER OF DELAWARE INC ($0.4M); TEXAS PARENT TO PARENT ($0.4M),
93.530,834607108.53,0.0,24900408.599999998,9317808.0,61372716.88,739016175.04,0.0,0.0,0.0,,"THE WRIGHT CENTER FOR GRADUATE MEDICAL EDUCATION ($92.9M); OSTEOPATHIC MEDICAL EDUCATION CONSORTIUM OF OKLAHOMA, INC ($70.0M); DETROIT WAYNE COUNTY HEALTH AUTHORITY ($56.7M)",
93.543,0.0,0.0,0.0,0.0,0.0,0.0,0.0,0.0,0.0,,,
93.653,16900000.0,0.0,0.0,12850000.0,0.0,4050000.0,0.0,0.0,0.0,,GREAT PLAINS TRIBAL LEADERS HEALTH BOARD ($0.9M); CHOCTAW NATION OF OKLAHOMA ($0.9M); GERALD L IGNACE INDIAN HEALTH CENTER INC ($0.9M),
93.654,84476870.0,0.0,0.0,71400258.0,2000000.0,11076612.0,0.0,0.0,0.0,,INDIAN HEALTH COUNCIL INC ($2.9M); TUNICA-BILOXI TRIBE OF LOUISIANA TRIBAL OFFICE ($2.4M); INDIAN HEALTH CENTER OF SANTA CLARA VALLEY ($2.4M),
93.676,10009501542.130001,0.0,2187470.0,0.0,94378438.0,9984845680.150005,0.0,0.0,0.0,,SOUTHWEST KEY PROGRAMS INC ($2850.8M); COMPASS CONNECTIONS ($1014.7M); BCFS HEALTH AND HUMAN SERVICES ($613.1M),
93.688,0.0,0.0,0.0,0.0,0.0,0.0,0.0,0.0,0.0,,,
93.690,0.0,0.0,0.0,0.0,0.0,0.0,0.0,0.0,0.0,,,
93.692,0.0,0.0,0.0,0.0,0.0,0.0,0.0,0.0,0.0,,,
93.695,270000.0,0.0,270000.0,0.0,0.0,0.0,0.0,0.0,0.0,,"UNIVERSITY OF KANSAS MEDICAL CENTER RESEARCH INSTITUTE, INC. ($0.1M); THE CURATORS OF THE UNIVERSITY OF MISSOURI ($0.1M); GEORGE WASHINGTON UNIVERSITY (THE) ($0.1M)",
93.746,0.0,0.0,0.0,0.0,0.0,0.0,0.0,0.0,0.0,,,
93.772,76334969.0,14244892.0,10000.0,43199350.0,6554335.0,12326392.0,0.0,1290677.0,1290677.0,NORTH CAROLINA DEPARTMENT OF HEALTH & HUMAN SERVICES,CHICKASAW NATION ($5.3M); SOUTHERN PLAINS TRIBAL HEALTH BOARD FOUNDATION ($5.2M); WABANAKI PUBLIC HEALTH & WELLNESS NPC ($5.1M),
93.817,73557028.17,-5095458.549999999,19246152.0,-107229.19,0.0,59513563.91,0.0,-2326.96,-2326.96,NORTH CAROLINA DEPARTMENT OF HEALTH & HUMAN SERVICES,"THE GENERAL HOSPITAL CORPORATION ($7.8M); EMORY UNIVERSITY ($7.8M); NEBRASKA MEDICAL CENTER, THE ($7.8M)",
93.837,11887166373.11,0.0,8798997666.559996,0.0,26852110.46,2220596376.5799994,0.0,0.0,0.0,,"BRIGHAM & WOMENS HOSPITAL INC ($302.8M); TRUSTEES OF THE UNIVERSITY OF PENNSYLVANIA, THE ($298.7M); REGENTS OF THE UNIVERSITY OF MICHIGAN ($288.2M)",
93.838,-2088250.02,0.0,0.0,0.0,0.0,0.0,0.0,0.0,0.0,,,
93.839,0.0,0.0,0.0,0.0,0.0,0.0,0.0,0.0,0.0,,,
93.840,3277474.6,215575.61000000002,1653665.07,558986.0,339819.23,509428.69,0.0,0.0,0.0,,THE REGENTS OF THE UNIVERSITY OF COLORADO ($1.5M); INDIANA DEPARTMENT OF HEALTH ($0.6M); MINNESOTA DEPARTMENT OF HEALTH ($0.4M),
93.845,4773519.0,3000006.0,0.0,0.0,0.0,1773513.0,0.0,333334.0,333334.0,NORTH CAROLINA DEPARTMENT OF HEALTH & HUMAN SERVICES,ADVANCEMENT STRATEGY LLC ($0.8M); MARYLAND DEPARTMENT OF HEALTH ($0.3M); NORTH CAROLINA DEPARTMENT OF HEALTH & HUMAN SERVICES ($0.3M),
93.846,2137865170.47,0.0,1686577934.31,0.0,0.0,394461550.0499999,0.0,0.0,0.0,,"TRUSTEES OF THE UNIVERSITY OF PENNSYLVANIA, THE ($85.7M); REGENTS OF THE UNIVERSITY OF CALIFORNIA, SAN FRANCISCO, THE ($74.6M); BRIGHAM & WOMENS HOSPITAL INC ($72.0M)",
93.847,7801990499.05,0.0,5868063966.9,0.0,40709921.57,1426874242.5900002,0.0,0.0,0.0,,"REGENTS OF THE UNIVERSITY OF MICHIGAN ($278.9M); TRUSTEES OF THE UNIVERSITY OF PENNSYLVANIA, THE ($222.1M); WASHINGTON UNIVERSITY, THE ($189.5M)",
93.853,7301417548.76,0.0,5703307653.840002,0.0,8115452.99,1095037634.0900006,0.0,0.0,0.0,,"THE GENERAL HOSPITAL CORPORATION ($234.6M); REGENTS OF THE UNIVERSITY OF CALIFORNIA, SAN FRANCISCO, THE ($226.7M); THE JOHNS HOPKINS UNIVERSITY ($223.1M)",
93.855,17242464734.02,0.0,12062638314.500011,0.0,9836298.42,3962763745.0300007,0.0,0.0,0.0,,"FRED HUTCHINSON CANCER CENTER ($787.0M); DUKE UNIVERSITY ($576.9M); UNIVERSITY OF CALIFORNIA, LOS ANGELES ($576.8M)",
93.859,12070484526.24,0.0,9612792260.85001,0.0,0.0,889455283.0399997,0.0,0.0,0.0,,"THE LELAND STANFORD JUNIOR UNIVERSITY ($235.0M); REGENTS OF THE UNIVERSITY OF MICHIGAN ($221.4M); UNIVERSITY OF CALIFORNIA, SAN DIEGO ($215.2M)",
93.865,4921279091.58,0.0,3623055293.56,0.0,0.0,913474006.4399998,0.0,0.0,0.0,,REGENTS OF THE UNIVERSITY OF MICHIGAN ($145.9M); THE JOHNS HOPKINS UNIVERSITY ($122.6M); UNIVERSITY OF WASHINGTON ($109.8M),
93.866,15229489497.87,0.0,11707506336.46,0.0,9857717.91,2433575328.85,0.0,0.0,0.0,,"REGENTS OF THE UNIVERSITY OF CALIFORNIA, SAN FRANCISCO, THE ($499.5M); THE TRUSTEES OF COLUMBIA UNIVERSITY IN THE CITY OF NEW YORK ($473.8M); WASHINGTON UNIVERSITY, THE ($471.3M)",
93.867,2746084071.1800003,0.0,2270607054.3100004,0.0,5189540.32,363231100.28000015,0.0,0.0,0.0,,"THE JOHNS HOPKINS UNIVERSITY ($112.9M); THE LELAND STANFORD JUNIOR UNIVERSITY ($80.4M); REGENTS OF THE UNIVERSITY OF CALIFORNIA, SAN FRANCISCO, THE ($73.8M)",
93.870,1748247447.69,1272183557.3399994,5982397.43,45047870.34,0.0,425033622.58000004,0.0,21067754.07,21067754.07,NORTH CAROLINA DEPARTMENT OF HEALTH & HUMAN SERVICES,"PUBLIC HEALTH, CALIFORNIA DEPARTMENT OF ($102.3M); HEALTH & HUMAN SVC COMMN TX ($82.3M); PA DEPARTMENT OF HUMAN SERVICES ($76.7M)",
93.872,106063348.01,0.0,1901031.8,80739638.02000001,0.0,23422678.19,0.0,0.0,0.0,,SOUTHCENTRAL FOUNDATION ($5.3M); CHOCTAW NATION OF OKLAHOMA ($5.3M); INTER-TRIBAL COUNCIL OF MICHIGAN INC ($5.2M),
93.879,286763082.1,0.0,246189541.61999997,0.0,1757800.0,38815740.480000004,0.0,0.0,0.0,,THE LELAND STANFORD JUNIOR UNIVERSITY ($17.3M); YALE UNIV ($11.9M); UNIVERSITY OF WASHINGTON ($11.5M),
93.899,26860519.85,730000.0,5622385.949999999,0.0,5320297.84,15187836.060000002,0.0,0.0,0.0,,JSI RESEARCH & TRAINING INSTITUTE INC ($8.4M); THE TRUSTEES OF COLUMBIA UNIVERSITY IN THE CITY OF NEW YORK ($3.5M); AFRICAN-AMERICAN AIDS POLICY AND TRAINING INSTITUTE ($1.9M),
93.912,531715188.38,35331547.66,66459726.669999994,3416082.81,27568884.65,288123945.11,0.0,1404399.0,1404399.0,NORTH CAROLINA DEPARTMENT OF HEALTH & HUMAN SERVICES,"RURAL HEALTH RESOURCE CENTER ($44.8M); JBS INTERNATIONAL, INC. ($10.1M); RURAL HEALTH REDESIGN CENTER ORGANIZATION, INC. ($7.9M)",
93.917,5103315650.08,3887589992.2800007,0.0,100702105.44,-102.02,1115023654.38,0.0,187626459.44,187626459.44,NORTH CAROLINA DEPARTMENT OF HEALTH & HUMAN SERVICES,"PUBLIC HEALTH, CALIFORNIA DEPARTMENT OF ($598.7M); HEALTH RESEARCH, INC. ($529.8M); FLORIDA DEPARTMENT OF HEALTH ($518.5M)",
93.918,349132532.35,6812396.54,52475881.93000001,848082.26,29561753.259999994,182280761.27,0.0,0.0,0.0,,"FLORIDA DEPARTMENT OF HEALTH ($5.8M); AIDS HEALTHCARE FOUNDATION ($2.7M); SUN RIVER HEALTH, INC. ($2.7M)",
93.933,44843385.56,0.0,0.0,33670289.66999999,1136283.76,12173690.340000002,0.0,0.0,0.0,,BOYS & GIRLS CLUBS OF AMERICA ($2.8M); NATIONAL INDIAN HEALTH BOARD ($2.1M); PASCUA YAQUI TRIBE ($2.0M),
93.940,1302539542.04,844444861.4000001,12781359.34,19018935.12,250518458.15999997,201426793.48000002,0.0,30231239.1,30231239.1,NORTH CAROLINA DEPARTMENT OF HEALTH & HUMAN SERVICES; NORTH CAROLINA DEPARTMENT OF PUBLIC INSTRUCTION,"FLORIDA DEPARTMENT OF HEALTH ($133.4M); CITY OF NEW YORK ($102.1M); PUBLIC HEALTH, CALIFORNIA DEPARTMENT OF ($87.9M)",
93.945,435677649.89000005,161630212.66,115784434.51000004,13422305.619999997,14862738.04,127533389.34999998,0.0,7074032.81,7074032.81,NORTH CAROLINA DEPARTMENT OF HEALTH & HUMAN SERVICES,"NATIONAL ASSOCIATION OF CHRONIC DISEASE DIRECTORS, INC. ($22.5M); MICHIGAN DEPARTMENT OF HEALTH AND HUMAN SERVICES ($9.5M); EMORY UNIVERSITY ($9.4M)",
93.946,166312445.32999998,95827328.30999999,15788393.170000002,7915731.43,1882538.8099999998,44898453.60999999,0.0,851223.26,851223.26,NORTH CAROLINA DEPARTMENT OF HEALTH & HUMAN SERVICES; NORTH CAROLINA DEPARTMENT OF PUBLIC INSTRUCTION,"NATIONAL FOUNDATION FOR THE CENTERS FOR DISEASE CONTROL & PREVENTION, INC. ($12.6M); MICHIGAN DEPARTMENT OF HEALTH AND HUMAN SERVICES ($4.0M); HEALTH SERVICES KENTUCKY CABINET FOR ($3.8M)",
93.977,853835455.77,591729469.67,9054657.0,15608153.0,103538584.85,133904591.25,0.0,23841888.0,23841888.0,NORTH CAROLINA DEPARTMENT OF HEALTH & HUMAN SERVICES,"DEPARTMENT OF STATE HEALTH SERVICES ($67.8M); PUBLIC HEALTH, CALIFORNIA DEPARTMENT OF ($62.6M); FLORIDA DEPARTMENT OF HEALTH ($53.4M)",
93.978,37843380.84,2060000.0,19540405.31,0.0,-153404.71999999997,16396380.25,0.0,0.0,0.0,,"DENVER HEALTH AND HOSPITAL AUTHORITY ($6.0M); REGENTS OF THE UNIVERSITY OF CALIFORNIA, SAN FRANCISCO, THE ($5.0M); UNIVERSITY OF WASHINGTON ($4.7M)",
93.979,0.0,0.0,0.0,0.0,0.0,0.0,0.0,0.0,0.0,,,
93.989,269299742.87,0.0,224151905.32000002,0.0,0.0,46411418.82000001,458618.0,0.0,0.0,,YALE UNIV ($10.7M); MAKERERE UNIVERSITY COLLEGE OF HEALTH SCIENCES ($8.3M); UNIVERSITY OF WASHINGTON ($8.1M),
93.ECH,0.0,0.0,0.0,0.0,0.0,0.0,0.0,0.0,0.0,,,not a standard assistance listing number
93.T21,0.0,0.0,0.0,0.0,0.0,0.0,0.0,0.0,0.0,,,not a standard assistance listing number
93.THR,0.0,0.0,0.0,0.0,0.0,0.0,0.0,0.0,0.0,,,not a standard assistance listing number
97.144,0.0,0.0,0.0,0.0,0.0,0.0,0.0,0.0,0.0,,,
