rank,grant,score,deadline,award (est.),owner,goal,why,main risk,DHHS role,cost share,link,list
1,Title X Family Planning Services Grants,97.5,2027-01-11 (103 days),$22.0M,Division of Public Health,Child and Family Well-Being,"Strong fit: Title X directly funds family planning and preconception services under DPH, advancing G2.O4 reproductive and maternal health work.",The actual amount available will not be determined until enactment of the FY 2027 federal budget.,lead (verified quote),False,https://simpler.grants.gov/opportunity/770eae58-b245-4431-a4b8-7b1aca9e917f,apply now
2,Public Health Crisis Response Cooperative Agreement,83.23,2027-02-11 (134 days),$5.0M,Division of Public Health,Strong and Inclusive Workforce,Aligns with public health workforce surge staffing and DPH preparedness role; only creates an unfunded roster until CDC activates an emergency.,"This NOFO only creates an approved but unfunded roster; actual funding is contingent on CDC determining a public health emergency exists and on future appropriations, so it may never result in award money.",lead (verified quote),False,https://simpler.grants.gov/opportunity/42a1b238-2c19-47b4-ae58-f4a775231b78,apply now
3,Home Study and Post-Release Services for Unaccompanied Alien Children​​,81.0,2027-10-01 (366 days),$100.0M,Division of Social Services,Child and Family Well-Being,"Fits G2.O2 child safety and permanency and state child welfare expertise in DSS, but serves a federal immigration-specific population with high ORR compliance demands.","NCDHHS does not have routine jurisdiction over unaccompanied alien children, and this ORR program is typically operated by nonprofits with immigration case management experience, making it an unfamiliar compliance-heavy program rather than a core state child welfare function.",lead (verified quote),False,https://simpler.grants.gov/opportunity/cb2cbb9f-741d-4e6b-ad32-557d751f9903,apply now
4,"Emerging Infections Network - Research for Preventing, Detecting, and Managing Travel-associated Infectious Diseases",77.23,2026-11-05 (36 days),$6.0M,Division of Public Health,Operational Excellence,"Strong fit for DPH disease surveillance and preparedness; CDC travel-focused sentinel network advances data-driven decision-making, though it is not squarely in NCDHHS strategic goals.","The international travel focus may exceed DPH's routine state-level disease surveillance authority and require coordination with federal quarantine stations, airports, or academic partners.",lead (verified quote),False,https://simpler.grants.gov/opportunity/10f4a697-e6a1-454a-bb73-74bc933f364a,apply now
5,NARMS Cooperative Agreement Program to Strengthen Antibiotic Resistance Surveillance in Retail Food Specimens,70.27,2027-04-01 (183 days),$200K,Division of Public Health,Operational Excellence,Funds antibiotic resistance surveillance in retail food; fits DPH lab and epidemiology role but is narrow and not a named NCDHHS objective.,"Specialized FDA/NARMS retail food surveillance may require existing laboratory capacity and federal collaboration, so if NC is not already a NARMS retail food site the start-up effort could be high relative to the grant's narrow scope.",lead (verified quote),False,https://simpler.grants.gov/opportunity/0b08c799-a202-45f2-92ad-318044afbc2d,apply now
6,Laboratory Flexible Funding Model (LFFM),67.82,2028-01-11 (468 days),$1.5M,Division of Public Health,none,This FDA cooperative agreement funds state food testing laboratory capacity which fits DPH's public health laboratory and environmental health role though it is not tied to named NCDHHS strategic objective.,The opportunity may be limited to existing FDA-aligned food testing laboratories because it requires ISO 17025 accreditation and a valid 20.88 agreement with FDA prior to application.,lead (verified quote),False,https://simpler.grants.gov/opportunity/eba5be60-4531-4ddf-aa56-6b1d419155ce,apply now
7,"US Travelers Health Research, Surveillance, Communication, and Outreach Network",66.4,2026-11-05 (36 days),$1.0M,Division of Public Health,Operational Excellence,The CDC travel health surveillance network is a moderate fit for DPH infectious disease work but only indirectly supports NCDHHS data infrastructure and health access goals.,"The announcement provides no eligibility, funding, or cost-sharing details, and NCDHHS does not currently operate a dedicated travel medicine program, so participating could require building new clinical and informatics capacity.",lead (verified quote),False,https://simpler.grants.gov/opportunity/1a3231f6-36eb-40d1-afe8-232010fa2fe3,apply now
8,"Institute of Education Sciences (IES): National Center for Special Education Research (NCSER): Using Longitudinal Data to Support State Education Policymaking in Special Education, Assistance Listing Number (ALN) 84.324S",57.03,2026-10-01 (1 days),$1.2M,Division of Child and Family Well-Being,Operational Excellence,"Special education SLDS work is primarily DPI/SEA; NCDHHS fits only through early intervention and lacks the research/data-system role, so it is not a priority.","The core data and policy authority sits with the State educational agency, so NCDHHS would likely be limited to early intervention and would need significant research capacity to compete.",lead (verified quote),False,https://simpler.grants.gov/opportunity/72bd1f82-d3f8-4226-872e-fc254dd21a6a,apply now
9,Innovative Traffic Safety Enforcement (ITSE) Grant Program,47.5,2027-09-01 (336 days),$20.0M,none,none,"Traffic safety enforcement falls under law enforcement/DOT, not NCDHHS health and human services; no division has authority or capacity to run it.",The grant would require NCDHHS to administer law-enforcement traffic safety programs that are outside its health and human services authority and divisional expertise.,lead (verified quote),False,https://simpler.grants.gov/opportunity/5269870b-a071-47ba-a076-d3fbc1955077,apply now
10,Authority to Accept Unsolicited Proposals for Research Partnerships Notice of Intent (NOI),46.98,2027-06-09 (252 days),$250K,none,Operational Excellence,HUD housing-policy research does not fund NCDHHS health/human services priorities and requires a 50% match; low fit for any division.,The required 50 percent cost match makes a housing-focused research opportunity expensive for a health and human services agency with no clear division owner.,atypical (verified quote),True,https://simpler.grants.gov/opportunity/144a89d3-d417-4a72-9bca-d361652bd993,apply now
1,HIV Care Grant Program - Part B States/Territories Formula and AIDS Drug Assistance Program Formula and AIDS Drug Assistance Program Supplemental Awards,96.47,"forecast close 2026-10-30 (forecast post date passed - may already be open, check Grants.gov now)",$24.8M,Division of Public Health,Health Access,Core DPH work: Ryan White HIV care and AIDS Drug Assistance Program funding advances G1 health access for low-income North Carolinians with HIV.,"As a formula award, this may be an expected annual allocation rather than new discretionary funding, so the main burden is compliance and the amount is largely predetermined.",lead (verified quote),False,https://simpler.grants.gov/opportunity/1d55627c-531e-4a60-95e0-719b256179bf,watchlist
2,"Maternal, Infant, and Early Childhood Home Visiting Program (MIECHV)",96.47,forecast close 2027-03-18,$11.6M,Division of Child and Family Well-Being,Child and Family Well-Being,"MIECHV directly funds home visiting that improves maternal and child health and birth outcomes; NCDHHS's Child and Family Well-Being division already runs home visiting, making this a strong fit.","The eligibility structure allows currently funded nonprofit organizations to apply if the state does not, so NCDHHS could lose state leadership or face incumbent competition.",lead (verified quote),True,https://simpler.grants.gov/opportunity/f68cf378-43e2-49b9-a252-a7009c6b81cf,watchlist
3,Strengthening Services to Prevent the Infectious Disease Consequences of Drug Use,93.53,forecast close 2027-05-24,$41.2M,Division of Public Health,Behavioral Health and Resilience,"Directly funds infectious disease testing and harm reduction for people who use drugs, fitting DPH disease prevention and G3.O4 substance use crisis priorities.","The biennial biobehavioral survey of people who use drugs requires specialized field data collection, privacy safeguards, and community partnerships that may exceed routine public health surveillance capacity.",lead (verified quote),False,https://simpler.grants.gov/opportunity/441d2761-0d9c-42ae-a3da-905ce4ed0ca4,watchlist
4,Preschool Development Grant Birth Through Five (PDG B-5) SMART Grant,93.53,"forecast close 2026-11-17 (forecast post date passed - may already be open, check Grants.gov now)",$15.0M,Division of Child Development and Early Education,Operational Excellence,"One-year federal grant would fund early childhood data and technology infrastructure, directly supporting G5.O1 and fitting DCDEE's early learning data role.","The one-year, targeted nature may fund only a short-term build and not cover ongoing maintenance or broader statewide scale-up.",lead (verified quote),True,https://simpler.grants.gov/opportunity/8d272419-96d1-4898-9706-0d86a1e63c03,watchlist
5,National HIV Behavioral Surveillance,92.66,forecast close 2026-09-01 (date passed - check if posted),$3.7M,Division of Public Health,Health Access,"Funds HIV behavioral surveillance to track disparities and guide prevention, directly fitting DPH's existing disease surveillance and epidemiology role.","The program requires sustained field recruitment of hard-to-reach populations and delivery of HIV testing and linkage services, which may be operationally heavier than a typical data-only surveillance grant.",lead (verified quote),False,https://simpler.grants.gov/opportunity/4911b8da-abec-4651-b3f1-3be87df6879b,watchlist
